"dage","t","y","f","subject_id"
-4.5,16.3776823899435,0.821311312458726,0.810976636464898,1
-5,15.8776823899435,0.831867189229833,0.809207724802119,1
-8,12.8776823899435,0.802085553771599,0.799280474908686,1
-6,14.8776823899435,0.796457793367362,0.80578136633134,1
24.5,22.9804033236865,1.10974547236812,1.08823062711703,2
24.5,22.9804033236865,1.10974547236812,1.08823062711703,2
-10.25,13.1883053268134,0.77291903428096,0.765109018559056,3
-8.25,15.1883053268134,0.774492372320105,0.770891784689819,3
31.25,86.0165101336155,1.68947418306896,1.68024841815817,4
26.75,81.5165101336155,1.44105729607792,1.43072913277941,4
28.25,83.0165101336155,1.49479470220218,1.51390355551456,4
20.5,14.7605930054077,1.02647705422378,1.01956416502284,5
23.5,17.7605930054077,1.05963631495487,1.05497291303281,5
20.25,14.5105930054077,1.0113409990683,1.01678550614404,5
22,16.2605930054077,1.03337763997448,1.03681247412392,5
22.75,17.0105930054077,1.03345458139074,1.04577706885005,5
26,37.753599191136,1.29153016196335,1.30835601246958,6
29,40.753599191136,1.44639864603515,1.44130300859779,6
25,36.753599191136,1.26835054265394,1.26404034709351,6
26.75,38.503599191136,1.34146335252053,1.34159276150163,6
32.25,41.3298302722979,1.64755559542687,1.65240338702139,7
36.25,45.3298302722979,1.81119183366608,1.82617281718123,7
34,43.0798302722979,1.73585330181798,1.73791620330643,7
43.75,45.8399308407817,1.84302029877686,1.83388910973855,8
42.75,44.8399308407817,1.80335300770091,1.81188912994208,8
1,20.4525388010574,0.793215730280661,0.790091135524725,9
2.75,22.2025388010574,0.803163775539762,0.798135056844841,9
3.25,22.7025388010574,0.793721151115832,0.8005746474043,9
38.75,52.5425668492354,1.65307201390916,1.65763225199421,10
41.25,55.0425668492354,1.72311722601202,1.74055746419608,10
42.25,56.0425668492354,1.75766185048446,1.77134343527363,10
41,54.7925668492354,1.74362270100462,1.73250735687808,10
-5.5,16.0848750105001,0.820189185484344,0.812788169654358,11
-9,12.5848750105001,0.800244138957056,0.801446736035192,11
-8,13.5848750105001,0.799157759760797,0.804547526163044,11
-6.75,14.8348750105001,0.806349849358584,0.808566168958823,11
-8.25,13.3348750105001,0.799522538992198,0.803763820021558,11
-7.5,14.0848750105001,0.807347138886957,0.806132231930249,11
-4.75,3.2353097370084,0.834778292079547,0.822534502293764,12
-9.25,-1.2646902629916,0.802667029654143,0.807662722330323,12
48.75,60.2863048742246,1.96168108658756,1.9500012936268,13
42.75,54.2863048742246,1.9292241948451,1.93460775629127,13
45.25,56.7863048742246,1.93868270308529,1.94193969553963,13
41.75,53.2863048742246,1.9339285539455,1.93082466709523,13
6,12.8971688146576,0.818347925608645,0.824543286490519,14
5.25,12.1471688146576,0.805750664504557,0.820142098766222,14
9.5,16.3971688146576,0.864690333380926,0.848615876483225,14
-9.5,28.7661715249994,0.791766920268839,0.78825149783692,15
-7.75,30.5161715249994,0.791875123632211,0.79363320945039,15
25,43.8544905179019,1.0993165906045,1.09246764220281,16
28.75,47.6044905179019,1.16211952227328,1.1541773428139,16
25,43.8544905179019,1.0993165906045,1.09246764220281,16
32.75,56.1141612635837,1.2665302023741,1.26673123628523,17
27.5,50.8641612635837,1.15456183481062,1.16212401994046,17
27.5,50.8641612635837,1.15456183481062,1.16212401994046,17
7.5,24.5614101516229,0.8542830328047,0.851799023153738,18
9.5,26.5614101516229,0.85652151567293,0.866363206221597,18
11.5,9.60234991377065,0.866114956777649,0.871488738273201,19
17.75,15.8523499137707,0.980117813649834,0.968928049427129,19
12.5,10.6023499137707,0.871019363764288,0.88182888100881,19
8,37.2827428525345,0.839611689452194,0.831248704007592,20
8,37.2827428525345,0.839611689452194,0.831248704007592,20
11,40.2827428525345,0.84915204574463,0.855264973135488,20
7.25,36.5327428525345,0.820967348370432,0.826185227813195,20
11.75,11.4400252208357,0.89742832262078,0.89856831142116,21
14.5,14.1900252208357,0.907381868106074,0.928467201128196,21
31,43.4211741005098,1.62361732002746,1.59429280359202,22
30.25,42.6711741005098,1.57074574454046,1.55711690691839,22
31.75,71.2379636537333,1.31747760507332,1.31329677850621,23
26,65.4879636537333,1.16511921267307,1.1691760148979,23
-6.75,10.3280919736014,0.812093637187402,0.807374572164761,24
-8.75,8.32809197360139,0.807870487497943,0.801026103704087,24
2.5,32.6504221376179,0.839466334046307,0.850827801774288,25
-2.5,27.6504221376179,0.8224531347956,0.829091827572854,25
8,22.9072646978832,0.872787631001614,0.88733355403484,26
7.5,22.4072646978832,0.888904678708784,0.884057371342889,26
-8.25,11.4801169686086,0.755867971864831,0.770400991179748,27
-8,11.7301169686086,0.758527131254006,0.771149695349945,27
40.75,45.0020923480726,1.8750876400345,1.8583419252305,28
45,49.2520923480726,1.89438012678469,1.9049444706652,28
41.5,45.7520923480726,1.86698586173549,1.87009948217948,28
38.25,46.5897601140685,1.45034911968566,1.44068430932515,29
33.25,41.5897601140685,1.32804963393667,1.32449643812645,29
36.25,44.5897601140685,1.38407485897733,1.39420916084567,29
10,76.91639680292,0.865079917732948,0.884972516131377,30
15.5,82.41639680292,0.953830656367493,0.942930691737944,30
11,77.91639680292,0.884199165862086,0.893373180513135,30
36.5,38.8905477632263,1.60252564534295,1.60228521941007,31
38,40.3905477632263,1.67437042534278,1.65426786874174,31
42,94.0534552782723,1.93716425686814,1.95256446329068,32
45.25,97.3034552782723,1.95325440144681,1.95887099161109,32
24.75,38.2256904271341,1.15255684235489,1.15001520248285,33
19,32.4756904271341,0.998631676279266,1.00677667006756,33
22.5,35.9756904271341,1.08725728425985,1.08978938032292,33
20,33.4756904271341,1.01290477224689,1.02832910370494,33
20.25,33.7256904271341,1.03146262249897,1.03402301167473,33
44.25,38.8900121351862,1.70821041296782,1.71075305286693,34
47,41.6400121351862,1.79714627998407,1.7833094876931,34
41.25,35.8900121351862,1.61813652980024,1.625757453075,34
36.5,27.8531849311784,1.16640901694783,1.17047243007362,35
33.75,25.1031849311784,1.13028725987272,1.14236691555219,35
-4.5,10.6110013922529,0.821729427569588,0.817666814215387,36
-7.5,7.61100139225287,0.797152416400294,0.807455579765959,36
30.75,37.5858252744489,1.49780542984693,1.49944535486646,37
32.25,39.0858252744489,1.57034845447772,1.5634927120913,37
-9.75,-3.31174784133548,0.847337973280496,0.840467325431432,38
-4,2.43825215866452,0.859103897501393,0.859460827618479,38
-3.75,2.68825215866452,0.868214263253014,0.860366875625673,38
-8.75,-2.31174784133548,0.85703253826968,0.84352941762,38
-4.25,2.18825215866452,0.86637569937552,0.858561855731209,38
-7,-8.36349524206021,0.794390174611352,0.798735636510208,39
-4.25,-5.61349524206021,0.808331216929201,0.808098507505475,39
-11.5,-12.8634952420602,0.774131664299672,0.78512936418843,39
-11.5,-12.8634952420602,0.774131664299672,0.78512936418843,39
32,24.5220551162402,1.23126429400491,1.22953641571236,40
36,28.5220551162402,1.29065028837517,1.30248113636297,40
18,9.44020737204711,1.00515515754557,0.99307800514429,41
15.75,7.19020737204711,0.96409711236939,0.975269250308496,41
21,12.4402073720471,1.01946754124434,1.02051212549433,41
18.5,48.9004172359777,0.999225525349875,0.994524267752878,42
22,52.4004172359777,1.07639124794395,1.06115858063614,42
1.75,32.4337609786944,0.830442867756779,0.833467915727786,43
1.75,32.4337609786944,0.830442867756779,0.833467915727786,43
20,45.3626924533753,1.05303480310746,1.05599121739128,44
19.5,44.8626924533753,1.03272965482211,1.03361125281267,44
13.5,18.9031837799655,0.911918368898606,0.904937897453317,45
14,19.4031837799655,0.913232471709209,0.911108256940093,45
13.75,19.1531837799655,0.917373030525627,0.907973810955094,45
14.5,19.9031837799655,0.930492536866364,0.917685641885711,45
17.25,22.6531837799655,0.955332152188762,0.963324215023857,45
42.25,62.7083546961135,1.93638237790722,1.93899878272595,46
40,60.4583546961135,1.93074657681189,1.93101156444175,46
17.75,26.9232862839315,0.985945264367611,0.982809204428844,47
15,24.1732862839315,0.967574892680366,0.946249521608695,47
32,32.6676387107217,1.50001110702854,1.5044481517963,48
27,27.6676387107217,1.30289930649046,1.30921985522935,48
22,46.333277492493,1.07160361929994,1.07407750981107,49
24.5,48.833277492493,1.14581048794759,1.13813500368175,49
24,48.333277492493,1.12628708766111,1.12510027229969,49
21,45.333277492493,1.04630252310127,1.04996990225885,49
23.75,48.083277492493,1.11769303049385,1.11860253199199,49
3.25,32.2600254594551,0.806975519842211,0.797726085923023,50
5.75,34.7600254594551,0.820653956928183,0.811042935763052,50
1.5,30.5100254594551,0.786982856879738,0.78948462806902,50
8,37.0100254594551,0.82796506691387,0.825365690768933,50
-0.5,28.0823004008515,0.790111539306804,0.795037209348602,51
-3.5,25.0823004008515,0.77826244848926,0.783475227764064,51
-3.25,25.3323004008515,0.767568044651114,0.784378916364966,51
29.25,36.9644799058664,1.18833779572233,1.1896059466791,52
25.75,33.4644799058664,1.12500876507057,1.12245224435671,52
26,33.7144799058664,1.13308767279299,1.12722417074604,52
26.25,33.9644799058664,1.14448050066938,1.13200275757572,52
31.5,39.2144799058664,1.22163493545751,1.23284492302438,52
1.25,38.3479286912552,0.775879770674619,0.785084934466056,53
4.5,41.5979286912552,0.794782185740649,0.800785224218568,53
41,37.1234418117944,1.29371468082692,1.30180878657475,54
38.75,34.8734418117944,1.28428362911906,1.27011145539207,54
38.25,34.3734418117944,1.25985372738234,1.26306760401814,54
24,37.7132288036186,1.19400401040532,1.20419176169154,55
22,35.7132288036186,1.11023741139583,1.12163835077801,55
26,39.7132288036186,1.28752756795362,1.28689671275487,55
34.5,22.1594104549813,1.19743596839138,1.20222408188631,56
37.75,25.4094104549813,1.24287314916067,1.24634158233081,56
45.75,40.6354225261675,1.6556796033698,1.66987182870808,57
47.25,42.1354225261675,1.70890261180678,1.70768705260469,57
41,35.8854225261675,1.55309092414591,1.54981506444761,57
41,35.8854225261675,1.55309092414591,1.54981506444761,57
42,36.8854225261675,1.5711745286677,1.57509020223704,57
45.75,40.6354225261675,1.6556796033698,1.66987182870808,57
-1,12.9154280725454,0.801410972285843,0.800302299254878,58
0.5,14.4154280725454,0.793732913038732,0.80657154839372,58
3.25,1.77348056033699,0.859300327804888,0.847853935198586,59
8.5,7.02348056033699,0.868035786846177,0.879272576107448,59
31.5,46.211915173606,1.31820973006313,1.33898253877601,60
31.25,45.961915173606,1.33733732636184,1.33208766639284,60
30,44.711915173606,1.30392111878596,1.29761330447702,60
32.5,47.211915173606,1.35758199790971,1.36656202830867,60
32.75,47.461915173606,1.37405319257511,1.37345690069183,60
35,44.823320002601,1.23909002305457,1.23401518720112,61
40.5,50.323320002601,1.32396547407988,1.31720557665019,61
36.25,46.073320002601,1.25226456393804,1.25292209389409,61
-6,-5.48550077157965,0.853420548711688,0.852384453557924,62
-4.25,-3.73550077157965,0.872596729369263,0.858484443896236,62
-4.25,-3.73550077157965,0.872596729369263,0.858484443896236,62
-11.25,-10.7355007715797,0.852404589665417,0.835972180146708,62
-6,-5.48550077157965,0.853420548711688,0.852384453557924,62
-8.5,-7.98550077157965,0.850167204355859,0.84423150395206,62
42,52.7462957537546,1.65650335779304,1.66075525884643,63
43.25,53.9962957537546,1.67631695576303,1.69692678216061,63
41.5,52.2462957537546,1.65116560004338,1.64627226233347,63
28,30.9693014907767,1.18452490365372,1.18308488173228,64
27.25,30.2193014907767,1.17231041984162,1.167242192718,64
17,16.0933491214375,0.990118081940914,0.97844762649308,65
16.75,15.8433491214375,0.974641712799728,0.975698259231534,65
31.75,40.1441658943567,1.41148016714011,1.42092921163215,66
29.5,37.8941658943567,1.33103549677878,1.34585796453866,66
30.75,39.1441658943567,1.40531042916081,1.38756421292393,66
18.75,6.16706490617284,0.985457147167451,1,67
23.75,11.1670649061728,1.11663204410441,1.12082730216413,67
-2,-7.89270988135295,0.814495954668228,0.811877004799789,68
3,-2.89270988135295,0.82547266454097,0.83412807659723,68
-2,-7.89270988135295,0.814495954668228,0.811877004799789,68
19,34.9328083254509,1.02453491730324,1.00797767583496,69
14.5,30.4328083254509,0.93343365967036,0.922216145925008,69
13.5,29.4328083254509,0.913338098970723,0.909800650424513,69
17.5,33.4328083254509,0.957470327297308,0.970747692381911,69
13.25,29.1828083254509,0.912666394768934,0.906917564863678,69
-5.5,-0.837570563255674,0.841474643791791,0.838364888866427,70
-3.5,1.16242943674433,0.854406879177635,0.845557241656257,70
25.25,39.2608607386784,1.26505289385224,1.27483967140009,71
23.75,37.7608607386784,1.21065318163973,1.20843055549057,71
24.25,38.2608607386784,1.24830029858394,1.23056692746041,71
7.75,5.33563936636775,0.86050825983778,0.865493048331072,72
8.25,5.83563936636775,0.865975337393085,0.868929497281006,72
8.75,6.33563936636775,0.85967066259493,0.872512278209173,72
36.5,37.7676903599431,1.4916888803653,1.49239579593074,73
34.75,36.0176903599431,1.44902308839097,1.44259884173272,73
31.75,33.0176903599431,1.36603055600728,1.35723263453612,73
34.75,36.0176903599431,1.44902308839097,1.44259884173272,73
32.25,33.5176903599431,1.37077887904234,1.37146033573555,73
40,19.2683865246362,1.41512538905413,1.42669091038229,74
41.75,21.0183865246362,1.46684120583417,1.46284169886585,74
42.25,21.5183865246362,1.46886169437041,1.47317049557544,74
33,43.3283429223288,1.19827678107121,1.20284452847048,75
31.5,41.8283429223288,1.17986829546658,1.18025393212568,75
33,43.3283429223288,1.19827678107121,1.20284452847048,75
32.25,42.5783429223288,1.18783976344478,1.19154923029808,75
33.25,56.0715904970298,1.35690782107087,1.3775834384157,76
33.75,56.5715904970298,1.36218056148431,1.39103890542468,76
-7,9.75998353323472,0.786428840607722,0.78519340131471,77
-5,11.7599835332347,0.780314707099348,0.791852598858128,77
-11,5.75998353323472,0.785015264438373,0.773316783768812,77
-7,9.75998353323472,0.786428840607722,0.78519340131471,77
-6.5,10.2599835332347,0.817759787288646,0.78681029671134,77
41,64.3200592270852,1.49095351531262,1.49918543418297,78
38,61.3200592270852,1.4261407295216,1.43020273498085,78
18,28.6052749600451,0.988200611778694,0.991981855536754,79
18.5,29.1052749600451,0.995723468815229,0.996802253583396,79
16.25,26.8552749600451,0.975291413557407,0.975990522715854,79
11.25,37.3619895927162,0.839962970966023,0.851460519625821,80
15,41.1119895927162,0.896586249509427,0.89813968804614,80
12.75,38.8619895927162,0.876635868696477,0.867164965576894,80
13.5,39.6119895927162,0.88669958381633,0.876285665184733,80
42.5,24.0110809689524,1.29726085939213,1.29970239133449,81
39,20.5110809689524,1.25334278307555,1.25383969159402,81
-3.5,-22.602459126597,0.866952186569381,0.886467130676629,82
-1.75,-20.852459126597,0.881305150301112,0.892660930888085,82
0.25,-18.852459126597,0.889806425634063,0.900122784508838,82
13.75,24.9428452390601,0.912610276706894,0.909627524997308,83
16,27.1928452390601,0.949033287491695,0.941562045602057,83
18.75,29.9428452390601,0.969984698755192,1,83
4.75,22.889959483935,0.876952607504248,0.864186965887661,84
4.5,22.639959483935,0.86642155270202,0.862825987038839,84
9,27.139959483935,0.884822826215712,0.890837350668935,84
18.5,17.655480369765,0.99051479210628,0.996324601445255,85
22.25,21.405480369765,1.04772566479959,1.04353943420479,85
21.25,20.405480369765,1.02752419688984,1.03068421981335,85
17.75,16.905480369765,0.982016569149805,0.98815694931743,85
23.5,22.655480369765,1.07103491404435,1.06028236581986,85
19.5,18.655480369765,0.9985319011141,1.0094188712773,85
-3.25,5.27545614029357,0.837127429144718,0.846529567698347,86
-5.25,3.27545614029357,0.822962068711697,0.839267266417915,86
32.5,2.6520431149913,1.07252353330744,1.07768929313055,87
33.25,3.4020431149913,1.09559899333178,1.08226962669769,87
12,36.8236510309315,0.869778293190191,0.872136097765426,88
11.25,36.0736510309315,0.873524227211334,0.864731317098312,88
9.25,5.66489418551412,0.892633250861697,0.907238593144939,89
8,4.41489418551412,0.896464165804336,0.898976837452319,89
42.25,68.2000465816677,1.92615124953495,1.92927518262635,90
44.5,70.4500465816677,1.93284712654883,1.93733177811467,90
45.5,71.4500465816677,1.94357652995545,1.94012265240597,90
41.75,67.7000465816677,1.93850000178112,1.92707275193107,90
44.5,70.4500465816677,1.93284712654883,1.93733177811467,90
32,29.6892285256982,1.46953250317709,1.46234366529367,91
33.25,30.9392285256982,1.51980342709858,1.50717520156503,91
46.25,45.9387940948216,1.66297986271642,1.67282161861066,92
43,42.6887940948216,1.59001336585425,1.59182659441619,92
14.25,32.2658154831821,0.933334093193447,0.94743245154735,93
15.25,33.2658154831821,0.97869736782122,0.957457339638594,93
15,33.0158154831821,0.929871533307773,0.954882688733331,93
11.5,29.5158154831821,0.932395131053684,0.923318711323766,93
14.25,32.2658154831821,0.933334093193447,0.94743245154735,93
-6.5,12.8112187698668,0.847282494901837,0.835715743055399,94
-2,17.3112187698668,0.869218365995729,0.85207514574812,94
-3.25,3.76827015810492,0.811310036162579,0.807954562075564,95
-3.75,3.26827015810492,0.814772040611136,0.806116518257785,95
41.25,69.6813934186326,1.93738059545945,1.93860294965209,96
41.75,70.1813934186326,1.94706007581701,1.94007560102765,96
45.75,74.1813934186326,1.96145598108227,1.95009768295938,96
25.5,35.5165765074204,1.11442872068095,1.11243795586333,97
27,37.0165765074204,1.15550422341159,1.13989769234547,97
26.75,36.7665765074204,1.15303160310089,1.13530587635408,97
32.75,58.7296479252079,1.77769926468775,1.78701892627459,98
34.75,60.7296479252079,1.84725592155518,1.85523697343402,98
34.75,60.7296479252079,1.84725592155518,1.85523697343402,98
32,57.9796479252079,1.75749129622967,1.74916569817647,98
9.25,23.1129630300699,0.913991217100275,0.917508547463365,99
13.5,27.3629630300699,0.943407495942982,0.948479898130463,99
14,27.8629630300699,0.954543722571954,0.952654569758535,99
12,25.8629630300699,0.931351368598094,0.936670495791761,99
8.5,22.3629630300699,0.920492554271114,0.912754293720762,99
8.5,22.3629630300699,0.920492554271114,0.912754293720762,99
24.5,44.8397341424516,1.11785639075137,1.10598581792854,100
28,48.3397341424516,1.17398872076017,1.17749018303915,100
33,11.4839231955901,1.24320671439946,1.24994407903575,101
31.5,9.98392319559009,1.22830067599186,1.22236005184589,101
30.25,8.73392319559009,1.19042251317084,1.199373362521,101
36.5,14.9839231955901,1.32390524195295,1.31430680914542,101
9.75,-1.35488644351522,0.88743039032163,0.884812613277439,102
12.25,1.14511355648478,0.914477455092258,0.906641059376045,102
24.5,11.1264988432504,1.0860103280966,1.06167522395921,103
25,11.6264988432504,1.07360876329946,1.06746738674395,103
24.75,11.3764988432504,1.07116002723447,1.06456418854248,103
5.25,8.53052579782526,0.88980356355239,0.889625195607578,104
7,10.2805257978253,0.892594269872383,0.899419291758779,104
31.5,38.4680826402041,1.24954915446012,1.24402710394382,105
36.5,43.4680826402041,1.34398623407544,1.34452514820222,105
41.25,57.6233760689003,1.91001603120317,1.91083487512145,106
44,60.3733760689003,1.92853894217634,1.92583954491075,106
41.25,57.6233760689003,1.91001603120317,1.91083487512145,106
8.25,41.2392438113128,0.811087981796967,0.82568314924023,107
10.75,43.7392438113128,0.846942126563453,0.845537088619348,107
30.75,62.9769480544724,1.27164113334826,1.26446790886107,108
27.75,59.9769480544724,1.19698280559187,1.19524077392188,108
30.25,62.4769480544724,1.27254328021598,1.25293005303787,108
31,63.2269480544724,1.28699001967648,1.27023683677267,108
13.5,49.4122512966392,0.865376508905921,0.851450642857741,109
12.75,48.6622512966392,0.852651063469693,0.842267945498511,109
15.75,51.6622512966392,0.886737455745245,0.88794130626186,109
11.5,47.4122512966392,0.824575802136557,0.829182046740766,109
18,53.9122512966392,0.951140545278246,0.954711697060738,109
35.5,53.6624080537499,1.38812714466078,1.4006606752513,110
36,54.1624080537499,1.41465158084565,1.41299447816455,110
31.25,49.4124080537499,1.28723083602147,1.29582335048871,110
32,50.1624080537499,1.31484026761052,1.31432405485858,110
33.25,51.4124080537499,1.34454155985583,1.3451585621417,110
33.5,61.914972663676,1.31155168386772,1.30350751232019,111
34.75,63.164972663676,1.30475301427501,1.33027410244362,111
1,22.2510175788006,0.833345375900711,0.822367581166566,112
-2.75,18.5010175788006,0.801784804831491,0.80680192154719,112
0.75,22.0010175788006,0.824133109811998,0.821238196102601,112
-0.5,20.7510175788006,0.81303385641336,0.815794944653473,112
2.5,23.7510175788006,0.838190091866062,0.82944342457682,112
2.5,23.7510175788006,0.838190091866062,0.82944342457682,112
10.75,52.813402700148,0.856811403115365,0.85000539985162,113
13.25,55.313402700148,0.889196675428161,0.876290894797714,113
37,58.9910146622074,1.40020067253806,1.4018336606942,114
37.5,59.4910146622074,1.41567467712945,1.41318307063672,114
31,52.9910146622074,1.27253358804496,1.265640741384,114
33.25,55.2410146622074,1.32379533530774,1.31671308612532,114
35.75,57.7410146622074,1.37859842714249,1.37346013583791,114
46.25,78.7889733908384,1.6084087514011,1.61773733298134,115
45.5,78.0389733908384,1.6039524611963,1.60055088679617,115
6,27.6435068016766,0.877329023326657,0.875380898420521,116
8.25,29.8935068016766,0.890174446113426,0.889555428732431,116
5,26.6435068016766,0.86343908026593,0.869682445167079,116
4.25,25.8935068016766,0.86567487717463,0.865630868369873,116
-4.25,-3.78601983707396,0.878302865579776,0.876624259567161,117
-4.5,-4.03601983707396,0.885490648182802,0.875763884934165,117
40,49.0757610871783,1.80950235929448,1.80336459708231,118
38.25,47.3257610871783,1.7515936376553,1.74543717199808,118
28,16.1170566939616,1.08677468234587,1.09123375884846,119
23.5,11.6170566939616,1.0522540035656,1.04455581195958,119
26.25,14.3670566939616,1.07576608706484,1.07265708752803,119
35,46.151539763222,1.36258340153771,1.36302799420119,120
31,42.151539763222,1.27116833427359,1.27060456381897,120
15,13.5584275882839,0.960799173334914,0.959800470037361,121
14.75,13.3084275882839,0.975670428091241,0.957494942009953,121
17.25,15.8084275882839,0.971415438117647,0.98226935310477,121
19.75,18.3084275882839,1.00419654744901,1.01283739111968,121
15.5,14.0584275882839,0.965043170957057,0.964521933977584,121
45,80.7376438627267,1.62157762318186,1.60868182705137,122
40.5,76.2376438627267,1.50052664553828,1.50219860801282,122
44,79.7376438627267,1.56972602903625,1.58501888948725,122
3,12.6418595007919,0.875739923676833,0.891142771300224,123
1.5,11.1418595007919,0.886046602110084,0.884378259728756,123
0,9.64185950079193,0.854691416202466,0.877990807696335,123
15,19.6629631346942,0.928321341757359,0.921244090019932,124
11.75,16.4129631346942,0.881851122038509,0.881966705939809,124
28.25,46.7518368851598,1.3041646463089,1.3070146784923,125
31.25,49.7518368851598,1.43027646734793,1.4080154760944,125
29,47.5018368851598,1.3305523813063,1.33226487789283,125
12.75,37.2641502881642,0.90388880886196,0.921642070646798,126
14.25,38.7641502881642,0.933252177184591,0.937032183259251,126
11.5,36.0141502881642,0.917027356816214,0.910215872521835,126
11.75,36.2641502881642,0.919649052352094,0.91240918913951,126
7.5,4.36312978189,0.936312646019593,0.926069483170698,127
10,6.86312978189,0.94005432819036,0.9396105928298,127
5.75,12.2218775568286,0.847350203386008,0.821974695419553,128
3.75,10.2218775568286,0.8303225279661,0.81092021949552,128
26.25,22.6179365313945,1.11303100067962,1.09461574273244,129
22.5,18.8679365313945,1.02090716532683,1.04484479709387,129
23,19.3679365313945,1.04446438112134,1.05121606503364,129
24,20.3679365313945,1.07300521619088,1.0642421937693,129
26.75,23.1179365313945,1.09597604533691,1.10150888266545,129
25.75,42.6486439374605,1.07660836887051,1.09729847920708,130
24.75,41.6486439374605,1.07544733513491,1.08223784619742,130
21.75,48.2326588435039,1.04177804409454,1.03939510452484,131
21,47.4826588435039,1.00910943800081,1.02926410570362,131
2,21.1793043161527,0.786497365009405,0.782844289113409,132
2.25,21.4293043161527,0.765842811655609,0.783983729713933,132
20.25,48.7256844988761,1.0726671439544,1.07367341166129,133
19.75,48.2256844988761,1.0535994886873,1.04832226533377,133
16,27.8891261179761,0.976476684787995,0.962534517231058,134
13.25,25.1391261179761,0.931413702072178,0.933533571369441,134
19,30.8891261179761,1.01509613423233,1.00484477113461,134
8.75,-3.10507648318744,0.872304783377439,0.902564856381503,135
5,-6.85507648318744,0.870343243034985,0.879974772939042,135
-11,1.60038123297246,0.742700327724031,0.74672762186586,136
-8,4.60038123297246,0.743639146053426,0.754990135222136,136
15.75,22.2983766963603,0.9580248757197,0.969719018055431,137
16.5,23.0483766963603,0.97830568985501,0.976635698596838,137
17.75,24.2983766963603,0.985437889132014,0.988831550286189,137
46,53.5123548493773,1.94610079589734,1.94609288308837,138
45,52.5123548493773,1.94578977520039,1.94366074636183,138
17.5,21.6242787080001,0.95269970667788,0.965330067949176,139
12.5,16.6242787080001,0.884050851616195,0.887017639897255,139
18,22.1242787080001,0.970009394467902,0.977262915869189,139
28.25,57.8119962679192,1.59550760876019,1.60439876807761,140
31.5,61.0619962679192,1.82018962833168,1.8036775399462,140
30.25,33.051970909027,1.26076099727636,1.29013739865586,141
33.5,36.301970909027,1.36494620218929,1.37569358442825,141
27,29.801970909027,1.20133805209055,1.20458121288347,141
-3.75,-0.420120250900029,0.786024403382011,0.782674554767822,142
-9.5,-6.17012025090003,0.760497147208671,0.764480582056706,142
7.25,49.8769654800352,0.802901339964705,0.801442844474282,143
6.5,49.1269654800352,0.794466048452672,0.796826627065799,143
-6,28.4066528738908,0.778194379712264,0.788265694181497,144
-3.25,31.1566528738908,0.800798543307584,0.797921813091415,144
-2.75,31.6566528738908,0.783371647040994,0.799790612238222,144
-1.25,33.1566528738908,0.806975058809856,0.805619035035318,144
-1,33.4066528738908,0.802749256031733,0.806625696280148,144
5,5.97636776448816,0.885186012232999,0.885561224647684,145
7,7.97636776448816,0.907215146401698,0.896813922689588,145
8.5,9.47636776448816,0.904355110659098,0.906066108071196,145
32.75,37.0719529971293,1.56924240941291,1.58241243007339,146
29.5,33.8219529971293,1.43657008327322,1.44420774572575,146
35.75,51.6313605346388,1.64613815625797,1.65842851804977,147
40,55.8813605346388,1.8021393451653,1.8115227145861,147
10,42.4579004814241,0.842108969086837,0.845392350509868,148
15,47.4579004814241,0.900413689400197,0.902923545542598,148
9.75,42.2079004814241,0.850858543386731,0.843325343166059,148
12.5,44.9579004814241,0.859907679605071,0.86941112249956,148
10.25,42.7079004814241,0.871330874230032,0.847515103130402,148
25.5,45.4995101348782,1.11813525768693,1.1390437672681,149
20.5,40.4995101348782,1.03074319236042,1.03277523682473,149
24.5,44.4995101348782,1.11566857629603,1.11674857657047,149
26,45.9995101348782,1.13149556194056,1.15024476645147,149
25.5,45.4995101348782,1.11813525768693,1.1390437672681,149
20.5,40.4995101348782,1.03074319236042,1.03277523682473,149
20.5,11.3338481598666,1.05470418662407,1.04814756724759,150
19.25,10.0838481598666,1.00771624254872,1.01433751023153,150
19.25,10.0838481598666,1.00771624254872,1.01433751023153,150
21.75,12.5838481598666,1.08414944581064,1.08569921567897,150
22.25,13.0838481598666,1.11508478381022,1.10142635528372,150
20.5,11.3338481598666,1.05470418662407,1.04814756724759,150
21,34.2801711360444,1.11216001294294,1.10622695873183,151
19.5,32.7801711360444,1.04299968298355,1.0339807485394,151
30.5,25.4364373937517,1.32971525448817,1.34208863607242,152
35,29.9364373937517,1.47526099052072,1.47798052555198,152
18.25,62.4226360133743,0.979001016941324,0.97678762841501,153
19.5,63.6726360133743,1.04526810680453,1.0362802752094,153
11.75,34.2790735564048,0.92244202527408,0.91061115817134,154
11.75,34.2790735564048,0.92244202527408,0.91061115817134,154
6.75,32.4497607573168,0.888670933465392,0.885051744652109,155
9.5,35.1997607573168,0.887491167637563,0.903148453012484,155
7,32.6997607573168,0.90142319435475,0.886579838686505,155
29.25,28.8002685534464,1.09470002411317,1.11817682713009,156
29.5,29.0502685534464,1.11881006317811,1.12123621756722,156
11,9.9278323419977,0.862355599638598,0.865681506809009,157
17,15.9278323419977,0.962552145074079,0.950509524426541,157
14.25,13.1778323419977,0.892710823879523,0.902277642283403,157
12,10.9278323419977,0.866180467206553,0.875413436863659,157
10.25,26.3908540586016,0.896162151064932,0.904947028571574,158
6.25,22.3908540586016,0.872941472024,0.877950043866339,158
29.5,14.1023378747909,1.2430159747884,1.24360305554676,159
33.25,17.8523378747909,1.34085009286331,1.332933648349,159
32.75,17.3523378747909,1.30851252563021,1.32102290264204,159
0.5,24.5157383206213,0.781432503527488,0.77461746347167,160
-4,20.0157383206213,0.765760887284056,0.757927150755754,160
2.25,26.2657383206213,0.788431375427289,0.782181022908618,160
8.5,44.3330020245442,0.865072774171545,0.857547546261737,161
6,41.8330020245442,0.850850590359793,0.840950044179093,161
8.75,44.5830020245442,0.859282674876454,0.859386943629302,161
5.5,41.3330020245442,0.836358629261963,0.837991647221708,161
40,45.7030485634738,1.58282880875488,1.58652781752897,162
42.5,48.2030485634738,1.65875027689199,1.65702278868104,162
44.5,50.2030485634738,1.70821563332937,1.71325859138762,162
41.25,46.9530485634738,1.6172378387099,1.621775303105,162
43.25,48.9530485634738,1.67140445164153,1.67816644546738,162
45.75,61.9088697735477,1.56065841361624,1.56654387894338,163
46.25,62.4088697735477,1.58089576855848,1.57726394811505,163
30.25,27.4441834083163,1.55181264431633,1.5528452233215,164
29,26.1941834083163,1.50852621850354,1.49134954575998,164
2,43.2330541179926,0.826270968702272,0.82273416732322,165
6.5,47.7330541179926,0.866489809472598,0.847161871386678,165
5.25,46.4830541179926,0.835906852873737,0.839664716185845,165
7,2.22212134349047,0.870464539573046,0.872965073103923,166
12,7.22212134349047,0.905446807220604,0.911071385498596,166
-3.5,21.5399378967442,0.784491773639458,0.781074697375462,167
-6.5,18.5399378967442,0.774226049151143,0.771059790574869,167
37.75,28.0949422017164,1.19398006740765,1.19653644736438,168
37.5,27.8449422017164,1.20819174186441,1.19380370118748,168
39.75,30.0949422017164,1.21483125868242,1.21839841677959,168
8.75,2.68594839117096,0.918167160981733,0.914149052480498,169
6.25,0.185948391170963,0.911293892027121,0.899382652081333,169
8.75,2.68594839117096,0.918167160981733,0.914149052480498,169
-3.5,-4.52078313595814,0.782130899245218,0.786599560181781,170
-3.75,-4.77078313595814,0.779697097393941,0.785699517477799,170
1.75,0.729216864041861,0.815051959539446,0.808002916098406,170
28,38.7075304920635,1.12110365233776,1.1220055199681,171
28.75,39.4575304920635,1.11271128593583,1.13277780753582,171
29.75,40.4575304920635,1.14340455477991,1.14719023008687,171
34.75,45.4575304920635,1.23698233432625,1.21939452091695,171
34.5,45.2075304920635,1.23568376236992,1.21578380823032,171
-4,-9.83636545389945,0.850428693991687,0.853412057330728,172
-6.5,-12.3363654538995,0.85380329069132,0.844673823466087,172
14.5,10.4156461072826,0.990600991913683,0.964623873879378,173
10.75,6.66564610728262,0.942077783233813,0.939098774405465,173
12.5,8.41564610728262,0.939599432943188,0.950466722633055,173
-0.25,1.86747176215408,0.887821027230282,0.875390083460767,174
-0.75,1.36747176215408,0.869547769160293,0.873354370688826,174
0.5,2.61747176215408,0.887682993800122,0.878519301854797,174
10.25,66.7533170271739,0.780858965445312,0.787774174835261,175
12,68.5033170271739,0.792042369715716,0.80319159962084,175
10.25,66.7533170271739,0.780858965445312,0.787774174835261,175
8.75,65.2533170271739,0.77098285761165,0.776823812306015,175
12.75,69.2533170271739,0.815559759889454,0.810918320689946,175
33.5,49.7560592250702,1.2336690054884,1.23673577878516,176
32.75,49.0060592250702,1.24870125521105,1.22409012314596,176
24.5,47.5407643794884,1.11993779905835,1.10641678392514,177
28,51.0407643794884,1.16928082715253,1.17819908154479,177
5.25,-8.59880170258953,0.856372696383555,0.868667295416657,178
5.75,-8.09880170258953,0.869812741785298,0.871521765247451,178
-5.25,-5.19768456361564,0.848692676676703,0.84645042513925,179
-5.75,-5.69768456361564,0.84919158508789,0.844716440800121,179
-8.75,-8.69768456361564,0.852940287973457,0.834925806336454,179
-11,-10.9476845636156,0.817477841419382,0.828140885561678,179
-7.5,-7.44768456361564,0.833128488180077,0.838881861887112,179
-6.25,-6.19768456361564,0.860934150732658,0.84301265260527,179
13,30.055432487187,0.890219435873344,0.898179336623659,180
17,34.055432487187,0.957354908342686,0.957785922041511,180
14.5,31.555432487187,0.924389781784131,0.916791325461373,180
17.75,34.805432487187,0.95976298781493,0.973481238649041,180
23,31.462062879315,1.07212052079345,1.07680222218202,181
26.5,34.962062879315,1.12282179711363,1.14791246899756,181
30.25,51.7382477744838,1.73109400105739,1.73246641800727,182
30,51.4882477744838,1.70711749759609,1.71659821176454,182
-7,12.7750518294855,0.747950964107569,0.753121514196294,183
-6,13.7750518294855,0.753477612020081,0.756174269209823,183
-7,0.363664613183768,0.784564558014087,0.798776370035514,184
-3.25,4.11366461318377,0.810938319170896,0.811807366004101,184
25,43.9113506423802,1.10105281551813,1.09927762034628,185
30,48.9113506423802,1.19756447032444,1.18758412574132,185
26.75,45.6613506423802,1.12118399012352,1.12996942034837,185
27,39.1239705290834,1.22658827605446,1.23246752315687,186
25.25,37.3739705290834,1.19153182640669,1.1804568644426,186
25.5,37.6239705290834,1.18908375978534,1.18788695854464,186
15.25,3.93842509661099,0.923511266171764,0.937144362855857,187
19.5,8.18842509661099,1.01499045858453,1.0184741119451,187
20,8.68842509661099,1.02341111223681,1.0303155508485,187
21.25,9.93842509661099,1.05675260846235,1.06215993516212,187
21,9.68842509661099,1.04505372310234,1.05555146075507,187
21,9.68842509661099,1.04505372310234,1.05555146075507,187
19,26.8264764832042,1.01253960298084,1.0049221395902,188
19.5,27.3264764832042,1.00787992533644,1.01256977182963,188
-5.75,1.76682204352138,0.793206913099233,0.796986010799876,189
-2.5,5.01682204352138,0.796081580228584,0.808656848922622,189
-4,3.51682204352138,0.80607914360517,0.803096363818456,189
-3.5,4.01682204352138,0.80732544813568,0.804912170361208,189
15.75,9.27702755608794,0.986319604864874,0.972777279476967,190
19,12.5270275560879,0.987997807050161,1.00305668351578,190
15.25,8.77702755608794,0.962898919003898,0.968718315860221,190
27.75,27.5781687050956,1.26886085324732,1.27193976911318,191
30.5,30.3281687050956,1.35480841609932,1.35893728250028,191
28.25,28.0781687050956,1.30305396710178,1.28775749881993,191
7,15.3502149056019,0.895860417865544,0.89423246294377,192
9.5,17.8502149056019,0.899632725497509,0.910303275279806,192
4,12.3502149056019,0.876084639841755,0.877596462081969,192
26,33.9178133045715,1.24890050654471,1.22498311853287,193
24.75,32.6678133045715,1.17376460035409,1.18398466889857,193
27.75,36.4695077483313,1.09739228458794,1.08747519935881,194
29.25,37.9695077483313,1.09857696486542,1.10342661965446,194
24.75,33.4695077483313,1.05473244786939,1.05646321573777,194
23.75,32.4695077483313,1.06212230645327,1.04648399034389,194
23.25,31.9695077483313,1.03083774919843,1.04158956793866,194
3.5,-7.17614281998681,0.894031115366514,0.909242991300685,195
7.75,-2.92614281998681,0.946795322002804,0.929373183248055,195
3.75,-6.92614281998681,0.913590189548796,0.910345290042188,195
2.5,-8.17614281998681,0.90997283459553,0.904929849620215,195
8,-2.67614281998681,0.93483116809693,0.930655926416942,195
30,46.6265740751118,1.39424372617493,1.39747484803604,196
31.5,48.1265740751118,1.45173605848185,1.45218898773516,196
-0.75,-12.341870867028,0.831447055482597,0.83681868966378,197
-2.75,-14.341870867028,0.828764776399877,0.828810671077289,197
12.5,19.5000298842083,0.945784513339557,0.93407958855522,198
13.5,20.5000298842083,0.942898443206943,0.942684879831116,198
10.25,17.2500298842083,0.91035963759009,0.916680371188623,198
16,23.0000298842083,0.954581604217056,0.966965110169567,198
16.25,23.2500298842083,0.972321680196844,0.969632109630367,198
6.25,18.4182808382656,0.808660784876117,0.81787584683352,199
5.75,17.9182808382656,0.825812519276909,0.814888055942593,199
-1.5,-3.11304079079402,0.863289184428268,0.860327550564382,200
2,0.386959209205977,0.870978270829852,0.875280243110209,200
-1,-2.61304079079402,0.847401396317102,0.86234144449277,200
7.25,14.770128369798,0.89410351945161,0.880876719277778,201
1.75,9.27012836979795,0.846417893423682,0.850910500669454,201
5.75,13.270128369798,0.873505978735301,0.871751446373112,201
8.25,15.770128369798,0.878928274351696,0.887460241105627,201
28.5,36.6907877171648,1.47346479540915,1.46950534086677,202
29.5,37.6907877171648,1.5122883715106,1.51898425259429,202
25.5,33.6907877171648,1.31500951352516,1.32106860568424,202
27,35.1907877171648,1.40948681619391,1.39528697327551,202
37.75,34.0763985042622,1.30985046703612,1.31631360580557,203
39.5,35.8263985042622,1.348395340625,1.34655346252116,203
14.75,6.31424819565195,0.936270315254142,0.933624295986823,204
17.5,9.06424819565195,0.975322904344045,0.97466891813972,204
15.25,6.81424819565195,0.941923242247754,0.940147322512386,204
3,0.556837865424267,0.808600763449282,0.813783402077054,205
3.5,1.05683786542427,0.82245440655937,0.816313724731276,205
1,-1.44316213457573,0.809069591059064,0.804414514089302,205
13.5,10.2231013896746,0.91169578495715,0.91570544951281,206
13.25,9.97310138967463,0.921323682141061,0.912910461567438,206
-5,29.4132326508623,0.76100727135197,0.760233698582751,207
-6,28.4132326508623,0.760146724281545,0.757043372905288,207
-8.5,25.9132326508623,0.7408274490094,0.749620351067956,207
-5.25,29.1632326508623,0.764054106264793,0.759423735376647,207
2.5,31.3679098168675,0.786818304337796,0.788653068751447,208
4.75,33.6179098168675,0.793881835166636,0.799975816478949,208
5.25,34.1179098168675,0.80437431571845,0.802704614625779,208
-1.25,27.6179098168675,0.768850155173228,0.772835721177035,208
2.75,31.6179098168675,0.78917001226702,0.789837585562592,208
4.25,33.1179098168675,0.799331333277998,0.797327026123225,208
24.5,39.1327682464488,1.13038115210283,1.11912868756626,209
23.5,38.1327682464488,1.10633987301542,1.096655557842,209
20,34.6327682464488,1.01227922811215,1.02382404117995,209
28.75,41.7287222824443,1.19662874833887,1.20672224097116,210
31.5,44.4787222824443,1.26083777409972,1.26697174815288,210
0.75,0.967062053929538,0.885865397118027,0.895420727915765,211
-4.5,-4.28293794607046,0.877809470547866,0.875889821006141,211
1.25,1.46706205392954,0.884861492387989,0.897450994399975,211
13.25,36.3558059263718,0.898608492504079,0.921331760592025,212
13,36.1058059263718,0.915716047289774,0.918749949998223,212
16.25,39.3558059263718,0.981346030885614,0.957836595812842,212
15.25,38.3558059263718,0.953683255717336,0.944393302199393,212
15.5,38.6058059263718,0.940318340580734,0.947624415286138,212
0.5,17.4933864710893,0.844796448641448,0.849828484020193,213
2.5,19.4933864710893,0.863196571087154,0.859112880181528,213
14.5,38.7336366186913,0.941538181223484,0.940112653775947,214
13.5,37.7336366186913,0.93664668219693,0.929414032127377,214
45.5,68.3881795182127,1.51087169811152,1.49817531957373,215
46.25,69.1381795182127,1.51152867789398,1.51248391848237,215
30,37.2871407161976,1.19122749104476,1.1686730441378,216
31,38.2871407161976,1.189718001836,1.18472125100633,216
4,17.8915396297934,0.844030772625961,0.860769862386736,217
0.75,14.6415396297934,0.84753470935848,0.844939583117047,217
33,52.0137962183393,1.27075660026087,1.28153512609028,218
36.5,55.5137962183393,1.35173719098884,1.35370040238139,218
31,50.0137962183393,1.25118220837125,1.24029782535251,218
34.25,53.2637962183393,1.30840110336704,1.30730843905139,218
34.5,53.5137962183393,1.32870120418752,1.31246310164361,218
7.25,4.89564147108623,0.84654405821513,0.852751225095984,219
8,5.64564147108623,0.859281805727538,0.857853897982013,219
36.75,47.662975622568,1.73346842758447,1.73233494216462,220
37.25,48.162975622568,1.75948162181258,1.75199497136183,220
39.75,50.662975622568,1.83925413509497,1.83097022025565,220
41.5,52.412975622568,1.85443463413527,1.86469402961504,220
43.5,54.412975622568,1.88878497609734,1.88924760156839,220
44,54.912975622568,1.89769611878524,1.89394525724549,220
-2,-5.32863498088121,0.801022381198445,0.806767173143133,221
3.5,0.171365019118789,0.815761342960813,0.831490402193196,221
29,39.4701962961648,1.18872781098718,1.17689968978315,222
29.25,39.7201962961648,1.18015275130586,1.18150963937853,222
4.75,-19.1763830850796,0.922358972329804,0.926615502980254,223
2,-21.9263830850796,0.922236670300971,0.915572047138938,223
4.25,-19.6763830850796,0.919998597793099,0.924543190109584,223
46.75,64.5478670265308,1.93189422544579,1.95638253292688,224
46.25,64.0478670265308,1.96064241057022,1.95547311193923,224
42.5,41.0548511472653,1.75482853620223,1.75057824462891,225
46,44.5548511472653,1.8346908279716,1.83596396043513,225
1.75,-4.98368880349494,0.837890947692272,0.845513470894295,226
1.5,-5.23368880349494,0.839742092694195,0.844341086162828,226
40,37.8951667004918,1.3775170814005,1.37373798049283,227
43.75,41.6451667004918,1.45612598306365,1.44182474472204,227
-0.5,20.0557845664838,0.78897652950028,0.776387638766111,228
2.75,23.3057845664838,0.794716328717836,0.790521035704807,228
-1,-13.502373897791,0.80598340649439,0.811406092529223,229
4,-8.50237389779104,0.834818612904826,0.834751892732126,229
-0.75,-13.252373897791,0.822534205939895,0.81243820012544,229
32.75,27.8993805316021,1.10763109774528,1.11996946550061,230
33.5,28.6493805316021,1.11437380058564,1.12692981762733,230
30.25,25.3993805316021,1.10292513980167,1.09692687119495,230
32,27.1493805316021,1.11345336650494,1.11302137452347,230
47.25,52.8188881023383,1.55275001286397,1.55254113382642,231
47.75,53.3188881023383,1.56997484170982,1.56244922985974,231
44.25,49.8188881023383,1.51448582648666,1.49309255762651,231
48,53.5688881023383,1.5484431599396,1.5674032778764,231
32.5,49.1584892922156,1.26214935985893,1.25229636376939,232
30,46.6584892922156,1.21672419143943,1.20421024548204,232
32.25,48.9084892922156,1.25388427936053,1.24748775194066,232
30.5,38.724325157778,1.32502716781785,1.32446638335273,233
37.25,45.474325157778,1.52630442422238,1.51815424939818,233
31.75,39.974325157778,1.35943469803874,1.36033450669448,233
-2.5,-7.75302292576972,0.86205652065353,0.854758536209121,234
-5.25,-10.5030229257697,0.853208401333794,0.844642208577791,234
-5.5,-10.7530229257697,0.850460307457532,0.843771223659425,234
-5,4.49161904723318,0.868176330851141,0.862798839369205,235
-7,2.49161904723318,0.847364792296251,0.856093197340165,235
7.75,-13.0361971367137,0.867118506011424,0.879959580700476,236
7.75,-13.0361971367137,0.867118506011424,0.879959580700476,236
9,-11.7861971367137,0.902880366680856,0.888632970655939,236
4.75,-16.0361971367137,0.868308671976756,0.861866722532261,236
16.75,11.1889433390253,0.980963066844327,0.985976136477953,237
14.75,9.18894333902532,0.96646097535899,0.97328878105936,237
17.5,11.9389433390253,0.98843511556626,0.990959787944084,237
18,52.3392524156846,0.965995364835125,0.982374399131019,238
16.5,50.8392524156846,0.955590417058295,0.955292015558569,238
20.5,54.8392524156846,1.05117168330275,1.04340919259511,238
14,38.9957912266296,0.88729582794554,0.893599384454513,239
14,38.9957912266296,0.88729582794554,0.893599384454513,239
11.5,36.4957912266296,0.849927544715847,0.86483812559589,239
44,53.9074587337782,1.64529179819964,1.67148037170409,240
48.5,58.4074587337782,1.8061410474478,1.78705829608614,240
46.75,56.6574587337782,1.748270053588,1.74487821914705,240
22.5,31.5545402268701,1.07695827122586,1.08120746102643,241
23,32.0545402268701,1.0893567675555,1.09311450762843,241
3,-8.95657673884737,0.885750696686822,0.883783324643222,242
5.25,-6.70657673884737,0.905539053901387,0.895039449902199,242
8.25,-3.70657673884737,0.919755108022011,0.912007733322479,242
-0.5,16.7493463500903,0.818135841006399,0.842721110383961,243
-0.25,16.9993463500903,0.843089215828857,0.843785890688711,243
4,21.2493463500903,0.8812135739941,0.863946848828544,243
5.5,44.6313156555896,0.839911280827168,0.843110638070353,244
9.25,48.3813156555896,0.871278254754243,0.868219849852208,244
6,45.1313156555896,0.83583615126995,0.846086721069303,244
5,4.44132319298247,0.888391112985119,0.892640859104977,245
6.5,5.94132319298247,0.912552647334488,0.900736024521754,245
6.25,5.69132319298247,0.895217918463147,0.899345131330032,245
7.75,7.19132319298247,0.897784302448821,0.907972132353599,245
11.5,10.9413231929825,0.9282365721959,0.932785319121245,245
-2,15.7812473247465,0.801395420570764,0.793818554547189,246
-8.5,9.28124732474653,0.770880923355006,0.771844975155338,246
-5.25,12.5312473247465,0.775046242548019,0.782071526962673,246
2.25,-7.85862271370183,0.893278781744349,0.903386345393969,247
4.5,-5.60862271370183,0.935529463050683,0.913249023578624,247
-4.5,15.736597173768,0.839962140171498,0.825886018505898,248
-2.5,17.736597173768,0.8145581092391,0.833376497503557,248
-2.75,17.486597173768,0.831566795348242,0.83241098591287,248
23.25,39.871717176466,1.14850810521001,1.15400688820983,249
27.75,44.371717176466,1.31910131505533,1.32088426144169,249
23.25,39.871717176466,1.14850810521001,1.15400688820983,249
21.5,38.121717176466,1.07915958154163,1.08995545815211,249
7.5,35.2126454683607,0.857812605127526,0.866845484010434,250
6,33.7126454683607,0.852405430195051,0.857388540804932,250
16.5,9.40641255261382,0.934702147713322,0.945158993999155,251
12,4.90641255261382,0.869598407688403,0.882861657805817,251
11.5,4.40641255261382,0.878351004469404,0.877884213473159,251
28,35.2212627089174,1.166673078135,1.16622736924306,252
27.75,34.9712627089174,1.14111311623643,1.16140710025778,252
23.75,30.9712627089174,1.11339809424044,1.08511447591257,252
24,31.2212627089174,1.08094517444789,1.08977472275043,252
28.75,35.9712627089174,1.17044662564965,1.18069159085196,252
8.5,30.1501629113102,0.856924311447499,0.8695268123036,253
8.25,29.9001629113102,0.867027049816502,0.867754046253144,253
15,13.3209213363159,0.939837004604443,0.957831595025649,254
15,13.3209213363159,0.939837004604443,0.957831595025649,254
18.5,16.8209213363159,0.981188998199918,0.995949388246785,254
45.25,62.583580038932,1.85610829931563,1.86573728428726,255
43.5,60.833580038932,1.842936373619,1.83741133516839,255
8.75,10.4491696328374,0.909048300643174,0.91440707122517,256
6.25,7.9491696328374,0.907673332628178,0.89966063300712,256
17,57.1127814913405,0.92155552828449,0.92408516429939,257
17.75,57.8627814913405,0.936578341857575,0.948686170294606,257
20.25,60.3627814913405,1.10980839702598,1.10294468521971,257
11.5,17.3121735124229,0.925861041931805,0.922312761951371,258
13,18.8121735124229,0.936265038032452,0.934980231087107,258
10,15.8121735124229,0.90067597553857,0.910848170575908,258
4.25,31.1383526343755,0.846705575111361,0.845083539601316,259
8.5,35.3883526343755,0.866920652513115,0.871475571323484,259
34.75,68.3646876103387,1.4254820031752,1.446480993322,260
37.25,70.8646876103387,1.5208845762079,1.5182271083986,260
-0.5,-14.2813439731801,0.839510078282103,0.832352485876211,261
0.5,-13.2813439731801,0.834342390607037,0.836662854609618,261
2.5,-11.2813439731801,0.848327808265594,0.845966160219872,261
29.75,58.5269413449499,1.27989863551827,1.28896037859522,262
33,61.7769413449499,1.3742065065455,1.3780725154882,262
28.5,57.2769413449499,1.26021192379361,1.25468647979023,262
29,57.7769413449499,1.25373502208707,1.26839603931223,262
33,61.7769413449499,1.3742065065455,1.3780725154882,262
10.25,31.9140752409828,0.864423698633649,0.855931503057186,263
6.5,28.1640752409828,0.841141358129497,0.82868549838778,263
38.75,69.1019997141718,1.47945042614395,1.50175306170913,264
42.5,72.8519997141718,1.59838899110672,1.59819021265586,264
44.5,74.8519997141718,1.63459226650014,1.64962335982745,264
-3.75,23.4342051948378,0.840643804764939,0.83482505743408,265
-3.25,23.9342051948378,0.828314124100479,0.836683835641079,265
-8.75,18.4342051948378,0.837021971614704,0.817815715114149,265
42.25,50.8193511038554,1.30129731610246,1.28579960199877,266
39,47.5693511038554,1.23629839807202,1.24469196369495,266
39.75,48.3193511038554,1.25489239923816,1.25417834176506,266
43.5,48.4092341308255,1.86741153419781,1.86998937623352,267
45.75,50.6592341308255,1.894028565186,1.89390368615608,267
45,49.9092341308255,1.90077793125305,1.88705098188529,267
41.75,49.6857864223926,1.4940957497941,1.49027826149633,268
42.5,50.4357864223926,1.51422782188046,1.50666872688265,268
41.25,49.1857864223926,1.46774303226751,1.47935128457212,268
-1.5,-8.15466031352195,0.891439843928172,0.893692575271041,269
-1.75,-8.40466031352195,0.900453293227063,0.892783436395082,269
14.25,34.1557651139413,0.882958916844842,0.891296126872085,270
18,37.9057651139413,0.999381872572928,0.970440516027705,270
16,35.9057651139413,0.916346460301976,0.920695304295465,270
18.25,34.1131725797907,0.994105336299663,0.981188772181001,271
13.75,29.6131725797907,0.912161361387763,0.89294990862856,271
15,30.8631725797907,0.919318849854902,0.910815128571169,271
2.75,26.4192894897371,0.803949849781821,0.80022027484695,272
4,27.6692894897371,0.815056135008101,0.806442466655898,272
1.5,25.1692894897371,0.785319218459451,0.794390669356695,272
3.25,26.9192894897371,0.821249706097867,0.802660115624401,272
-2.5,21.1692894897371,0.788095117544549,0.778085928955521,272
-6,9.35955963732169,0.78725017152232,0.770633903945975,273
-4.5,10.8595596373217,0.766512039739715,0.77555989348342,273
43.75,62.8540987844465,1.82003813722588,1.82597886439946,274
38,57.1040987844465,1.64582995036364,1.65006777582022,274
37.75,56.8540987844465,1.6370532015436,1.64145863306682,274
35.75,43.7141678878373,1.25302789804465,1.25022848108059,275
41.5,49.4641678878373,1.33831833926195,1.33885819097984,275
37,44.9641678878373,1.26382822648567,1.26949580931956,275
45.75,36.1690087397529,1.58893708922399,1.60221459738958,276
44.5,34.9190087397529,1.56086022818484,1.57375911144293,276
46.5,36.9190087397529,1.61979375984453,1.61928788895757,276
11.5,16.585373763571,0.90205228599604,0.889595693474125,277
7.75,12.835373763571,0.853423447985296,0.859632271544967,277
6,11.085373763571,0.844897297831659,0.848364994794952,277
23,25.7099161640442,1.12215254036534,1.12688540754173,278
17.5,20.2099161640442,0.95954050845563,0.969995521301072,278
22.75,25.4599161640442,1.13361855258386,1.11874421981394,278
21.75,24.4599161640442,1.10301517307534,1.08667759818507,278
20,22.7099161640442,1.03415128153847,1.03449081191604,278
19.5,22.2099161640442,1.03071607334214,1.02096550867969,278
29.25,53.2289972460594,1.21178969740436,1.21918591983795,279
27.75,51.7289972460594,1.19203299731301,1.18610533816473,279
18,24.7300498392987,0.968822201362405,0.975427937620727,280
15.5,22.2300498392987,0.92736828067039,0.922343473537332,280
13.5,50.0716391210962,0.921379108124634,0.922061320794854,281
19.25,55.8216391210962,1.00531672288392,1.01127359667575,281
-8,23.9301039893824,0.78380288330214,0.784375721424245,282
-10.5,21.4301039893824,0.786322948719615,0.776980332841735,282
-6.5,25.4301039893824,0.780291794910817,0.789157300794182,282
41.75,55.480696876462,1.72568402263649,1.72138617720324,283
37,50.730696876462,1.57579186910364,1.5699948389842,283
38,71.2477947635018,1.90178162637157,1.90970405373089,284
35.5,68.7477947635018,1.90220335689009,1.88323245133545,284
39.5,72.7477947635018,1.90786425851069,1.91963608625241,284
40,73.2477947635018,1.9110053682286,1.92245502792528,284
40,73.2477947635018,1.9110053682286,1.92245502792528,284
26.25,21.0962060773667,1.14721408016349,1.15276567573207,285
23,17.8462060773667,1.08533054205607,1.08220859007693,285
23.75,18.5962060773667,1.1030243175918,1.0981909582169,285
20.5,15.3462060773667,1.02121384113771,1.03215437797083,285
23.75,18.5962060773667,1.1030243175918,1.0981909582169,285
-1.25,11.577228635076,0.779678468751558,0.788584866172617,286
-1,11.827228635076,0.78743407421328,0.789582317815093,286
38.75,20.7870942455273,1.17751561365187,1.17652594582999,287
38.75,20.7870942455273,1.17751561365187,1.17652594582999,287
44.75,26.7870942455273,1.23620889933633,1.23273422133727,287
-0.75,16.9177312197858,0.868803185131011,0.849576081754812,288
-2.75,14.9177312197858,0.824871891899063,0.841548733263402,288
1.25,18.9177312197858,0.834604730462584,0.858313619613124,288
3.5,32.5704895256412,0.805165282490066,0.803258735600716,289
1.75,30.8204895256412,0.790601275751624,0.794882306824623,289
1,30.0704895256412,0.776159622104866,0.791520756967118,289
-0.25,28.8204895256412,0.79551046434307,0.786203311824974,289
-0.75,28.3204895256412,0.777264158733663,0.784171867567154,289
-0.75,28.3204895256412,0.777264158733663,0.784171867567154,289
39.75,46.1551778328104,1.81063194546768,1.801263367035,290
43.5,49.9051778328104,1.86243012689662,1.87509804920423,290
18.5,26.099809982926,0.99748317959654,0.992350292922795,291
20.5,28.099809982926,1.04993500001489,1.04518634826626,291
2.5,12.0884199399886,0.865872817132683,0.867769167843682,292
4.25,13.8384199399886,0.867720405821574,0.87651023138108,292
4.75,14.3384199399886,0.863028187858216,0.879158001409175,292
5,14.5884199399886,0.881612824266414,0.880508047642375,292
16.75,22.4553495917886,0.980028868922855,0.973671750884198,293
14.75,20.4553495917886,0.957316742945468,0.951909903902763,293
34,30.5597396912646,1.15460457277336,1.15821315278362,294
34.75,31.3097396912646,1.16357949769966,1.16654155853254,294
33.25,29.8097396912646,1.15521646909877,1.14988641038301,294
20.75,46.9155063549991,1.04627259999222,1.05877327456632,295
19.25,45.4155063549991,1.01971483732642,1.01515101552846,295
24.5,50.6655063549991,1.1835154787853,1.18469025914199,295
26.5,29.0785951382699,1.27140973755098,1.2561382219442,296
30.75,33.3285951382699,1.40800481987407,1.40364493922167,296
12.75,14.4805413183798,0.874596394779385,0.8814963915138,297
10.5,12.2305413183798,0.854455423194506,0.859114799949434,297
16.75,18.4805413183798,0.93531959717215,0.943654153935877,297
15.5,48.9600521528572,0.907591211820646,0.909919720846374,298
18,51.4600521528572,0.971703810512396,0.969790255501992,298
35,61.494015205671,1.89637109469889,1.90456342870464,299
29.75,56.244015205671,1.7478965468361,1.75200632151047,299
-4.5,23.0657394072513,0.813896471346375,0.82414741504471,300
-8.25,19.3157394072513,0.810001078026459,0.811466030724577,300
-4.75,14.6800373280453,0.820387167420256,0.825887721427368,301
0.25,19.6800373280453,0.844346825759755,0.845587525451894,301
14.5,-6.87140797797284,0.975274971850448,0.968039748290194,302
11.25,-10.1214079779728,0.925271519994861,0.947370642555868,302
11.5,-9.87140797797284,0.939213872241057,0.948866547045442,302
40.25,64.7480350156372,1.3900176438546,1.39319961579752,303
45.5,69.9980350156372,1.48342646819662,1.49217949079003,303
46.25,70.7480350156372,1.49788361650288,1.50631947293182,303
47.25,71.7480350156372,1.52540879741419,1.5251727824542,303
20,38.6013604072897,1.05326680368501,1.05087934957922,304
19.75,38.3513604072897,1.05845863684265,1.04057822597568,304
21.5,40.1013604072897,1.11151260862426,1.11843542855896,304
-3.25,13.4122714268511,0.77079408471937,0.775813851238674,305
-1.5,15.1622714268511,0.775433007859174,0.782286338442066,305
-5.25,11.4122714268511,0.768293928366315,0.769017928284244,305
22.25,54.6860508148103,1.20755863917433,1.19965653935087,306
23,55.4360508148103,1.23803892621919,1.24518009984153,306
20,52.4360508148103,1.06040960322293,1.06583657707887,306
5.25,31.3339472817031,0.854421277654073,0.863115603492136,307
0.25,26.3339472817031,0.839543811981398,0.838176952800176,307
0.5,26.5839472817031,0.843303535537113,0.839274785285611,307
42,60.7585844425493,1.59007228494353,1.58150990739361,308
40,58.7585844425493,1.53601322646371,1.53040614082605,308
27.25,13.0111292286494,1.21490150807349,1.1898990818421,309
25.5,11.2611292286494,1.14855613781077,1.14824434895478,309
8,9.62543734025827,0.86229208893,0.853062814660234,310
4.5,6.12543734025827,0.817317407316851,0.831474787081104,310
17.5,28.03913423197,0.989260149731847,0.984841121338652,311
18,28.53913423197,0.979573033455855,0.990411247331738,311
34.75,56.919808010041,1.89050895077096,1.90264442935443,312
40.25,62.419808010041,1.9498808558367,1.93584461497157,312
44.25,76.4539046868806,1.66752467187354,1.67560224626582,313
44,76.2039046868806,1.67446653934922,1.66885780789378,313
45.5,77.7039046868806,1.70180827323852,1.70922901706898,313
22,61.3568138083824,1.08732639883245,1.09017303022458,314
17.75,57.1068138083824,0.984204003336911,0.976116248925424,314
15.5,54.8568138083824,0.932868048404418,0.936944303534094,314
28.25,35.6324664029836,1.16438621085623,1.16410945719597,315
27,34.3824664029836,1.12876188917169,1.14093850524883,315
27,34.3824664029836,1.12876188917169,1.14093850524883,315
-2,9.63552918971916,0.842522778094697,0.841829087297078,316
-1,10.6355291897192,0.859067046885083,0.845883795473517,316
49.5,44.9231847003407,1.64451731343168,1.61818950937315,317
47.25,42.6731847003407,1.57943505487624,1.57205803891974,317
45.5,40.9231847003407,1.55512300868632,1.53617800634487,317
11.25,10.4011706551589,0.899924312682224,0.878163608987328,318
11.25,10.4011706551589,0.899924312682224,0.878163608987328,318
13.5,12.6511706551589,0.896458922225038,0.902051973036572,318
32.25,64.984305695851,1.83008599148323,1.82333800059236,319
32.5,65.234305695851,1.82456561367946,1.83246843221532,319
34.75,67.484305695851,1.89635049580831,1.88426247090991,319
20.75,30.4666445193425,1.0308917304928,1.02300404256444,320
21.75,31.4666445193425,1.03503604551433,1.03484170970421,320
-9.25,-23.1144798901593,0.829499436233267,0.827709729106531,321
-5,-18.8644798901593,0.852870761164108,0.841673084583726,321
-7,-20.8644798901593,0.828168118057294,0.834871913214085,321
30.75,34.7285537547645,1.17826974221247,1.18191497230128,322
37,40.9785537547645,1.28449250947884,1.28285403319588,322
30.75,34.7285537547645,1.17826974221247,1.18191497230128,322
34.75,38.7285537547645,1.23575482059195,1.24651597127382,322
1.5,15.7638045476438,0.808604187638416,0.808111210180035,323
-0.5,13.7638045476438,0.795003715368716,0.799459062397707,323
0,14.2638045476438,0.79634765615945,0.801548984451126,323
3,17.2638045476438,0.811405159418066,0.815269298428133,323
30,21.592176127421,1.0832325007049,1.09281858634411,324
31.5,23.092176127421,1.1021662673371,1.1063081969976,324
4.5,26.7150783032133,0.873618170227899,0.866069816223095,325
2.5,24.7150783032133,0.847057720745262,0.855829007624829,325
33.25,33.306526534649,1.25060068758406,1.25150119070269,326
33,33.056526534649,1.2699547534395,1.24695653732556,326
32.75,32.806526534649,1.23648474587796,1.24241188394842,326
28,45.1298690045173,1.33494442972348,1.35140222204372,327
24.5,41.6298690045173,1.22010028059696,1.21355402300584,327
2.25,3.85492975126801,0.812640894547131,0.82316497067361,328
1.75,3.35492975126801,0.820380550175027,0.820778164063302,328
10,31.420692215183,0.850007689126612,0.853929726162114,329
11.25,32.670692215183,0.852370843564248,0.865061963264113,329
47.5,77.7568598949374,1.92995505138014,1.93357889195566,330
47,77.2568598949374,1.93406366331594,1.93189374978627,330
40.5,43.8996440025252,1.33790746563146,1.32949937996033,331
41.75,45.1496440025252,1.3593755576651,1.34911661429636,331
44,47.3996440025252,1.38062118002667,1.38442763610121,331
44.25,47.6496440025252,1.37367987546518,1.38835108296841,331
40.5,43.8996440025252,1.33790746563146,1.32949937996033,331
41,44.3996440025252,1.33525179382204,1.33734627369474,331
8,26.3341814859541,0.892479942081285,0.884828154987102,332
10,28.3341814859541,0.898629436555753,0.899145837638633,332
18.25,25.7298390175545,0.987542479852132,0.985620438552814,333
15.25,22.7298390175545,0.925129951743648,0.929614005039313,333
17.75,25.2298390175545,0.970111220979965,0.974444808041364,333
35,71.2246666559908,1.890342593332,1.87407552811199,334
34.5,70.7246666559908,1.87031969446255,1.8644638502153,334
38,39.3114650809323,1.6532763752257,1.6325552532053,335
36.25,37.5614650809323,1.58109693856953,1.57388486745262,335
35.75,37.0614650809323,1.55565526494887,1.55712190009471,335
7.75,27.0973278054527,0.858132665347785,0.847708719823371,336
6.75,26.0973278054527,0.823638728329788,0.841091788582373,336
3.25,22.5973278054527,0.825212157024024,0.821287139885416,336
1,5.22931424848254,0.85345959044188,0.86929872687246,337
-2,2.22931424848254,0.860223571635168,0.856832998195976,337
42.5,52.1860347564083,1.53298585973659,1.51792704917562,338
40,49.6860347564083,1.47037404515266,1.4621033946321,338
38.5,48.1860347564083,1.43259681416605,1.42860920190598,338
43.5,53.1860347564083,1.53678802596654,1.54025651099303,338
38,47.6860347564083,1.44160978688194,1.41744447099728,338
17.25,20.786247495609,0.985727039182346,0.966482880536344,339
11.5,15.036247495609,0.898741687655914,0.890120971012749,339
16.5,20.036247495609,0.958732243320767,0.953077456989989,339
10.75,14.286247495609,0.867071264309346,0.883305931151872,339
39.75,65.1910388949599,1.42847881510443,1.44806625507158,340
43.25,68.6910388949599,1.53792968364138,1.52480533575369,340
39.75,65.1910388949599,1.42847881510443,1.44806625507158,340
44,69.4410388949599,1.53450159319686,1.54124942447128,340
43,68.4410388949599,1.53369033222525,1.51932397284783,340
40.75,66.1910388949599,1.4636997069622,1.46999170669504,340
-1.25,26.877262996441,0.77012134420378,0.777524028046045,341
2.75,30.877262996441,0.787799507881578,0.794747894734231,341
-4.25,23.877262996441,0.773383714326075,0.766749609422448,341
1,29.127262996441,0.795357419489569,0.786737997845534,341
33.5,25.4411507980316,1.16570423523636,1.16413251919292,342
39.25,31.1911507980316,1.22092247335363,1.23252743103661,342
39,30.9411507980316,1.22479087406236,1.22955367788953,342
38.75,30.6911507980316,1.2285472077749,1.22657992474246,342
25.5,14.1289053945437,1.0734006263408,1.06967116715011,343
29.5,18.1289053945437,1.11790239688671,1.11551591966768,343
28.5,17.1289053945437,1.0951282613585,1.1038745899854,343
27,15.6289053945437,1.10050102404044,1.08661570892737,343
29.75,18.3789053945437,1.11807063470174,1.11843838118659,343
25.75,14.3789053945437,1.0715604691141,1.0724633939538,343
1,-10.4245902760735,0.842625757699192,0.849618006637242,344
0,-11.4245902760735,0.843655358288822,0.845179287825872,344
2,-9.42459027607351,0.855122806587775,0.854270110779291,344
1,-2.53906184974109,0.864810549471469,0.877042490050523,345
-5.5,-9.03906184974109,0.856341926006145,0.851950448992353,345
0.5,-3.03906184974109,0.892006902448201,0.874887135446727,345
39.5,49.4139772000258,1.92905074962876,1.92700102939254,346
36.25,46.1639772000258,1.89817049118756,1.9057943279229,346
20.25,26.6665456292378,1.02927306641006,1.02767591519986,347
17.75,24.1665456292378,0.985716512946891,0.982651870653063,347
43.5,52.8539891584391,1.88626980688807,1.88393607791713,348
40,49.3539891584391,1.83474893871806,1.82608091920759,348
28,26.7096610018904,1.44980753675135,1.44018891898576,349
24,22.7096610018904,1.23991365030609,1.24425209692975,349
21,19.7096610018904,1.0978640814362,1.09795142689158,349
27.25,25.9596610018904,1.39381811194816,1.40345076485026,349
16,47.0694908794054,0.904315989936939,0.909517891449441,350
14.25,45.3194908794054,0.872361690508985,0.878950567823986,350
-6.75,23.8447125297376,0.797955488828142,0.780440312599147,351
-2.5,28.0947125297376,0.801856467966081,0.795261725953009,351
38,68.0784067257448,1.45409809876918,1.44595967853393,352
44.75,74.8284067257448,1.60134576682378,1.60671042856393,352
44,74.0784067257448,1.59554601086094,1.58884923411615,352
44.25,74.3284067257448,1.58531608946721,1.59480296559875,352
24.25,24.7679382994061,1.18710673899167,1.18359290272663,353
27.25,27.7679382994061,1.26321233247089,1.29075269282129,353
25.75,26.2679382994061,1.24785534009982,1.23717279777396,353
36.75,48.581718907564,1.25486327949381,1.26339217871978,354
38.5,50.331718907564,1.30118493780092,1.29014641238564,354
38.5,50.331718907564,1.30118493780092,1.29014641238564,354
28.75,38.8446314110622,1.51096970315099,1.49500859172341,355
26,36.0946314110622,1.36603444586493,1.35532975920191,355
28.25,38.3446314110622,1.45418656481262,1.46961244035586,355
26.5,36.5946314110622,1.37066163569222,1.38072591056946,355
48.5,56.9838832332595,1.44548247789789,1.45311022091782,356
45.75,54.2338832332595,1.40936991882306,1.41013226684216,356
-0.5,2.47686666348866,0.888630647464301,0.876969006559822,357
4.25,7.22686666348866,0.89338303936042,0.89803572100701,357
-1.25,1.72686666348866,0.873760126907128,0.87397391634193,357
2,4.97686666348866,0.889890902236463,0.887586397368538,357
-1,1.97686666348866,0.876988445703664,0.874962893141456,357
36.5,80.8752003431658,1.58238797637014,1.58366280594143,358
36.75,81.1252003431658,1.60397351313635,1.59206397625063,358
24.75,19.1979241472787,1.05031332699204,1.06618552387446,359
30.5,24.9479241472787,1.11636873953923,1.13732141206609,359
24.5,18.9479241472787,1.07733096579374,1.06322098928191,359
29.5,23.9479241472787,1.11928008064583,1.12471781908077,359
26.5,20.9479241472787,1.08586464141894,1.08735545378654,359
29.5,23.9479241472787,1.11928008064583,1.12471781908077,359
19.25,48.9036745728494,1.0265828154444,1.01218755501826,360
20.25,49.9036745728494,1.03202461117357,1.03468198609458,360
24,53.6536745728494,1.14812951768301,1.13238972312693,360
27.25,23.9232257157612,1.0950650115136,1.10865084605078,361
28.75,25.4232257157612,1.14911245227274,1.12966879210875,361
27,23.6732257157612,1.09367821773842,1.10517230569786,361
25.75,22.4232257157612,1.09295683496377,1.08793106980588,361
35.25,28.4747378694191,1.44239576032066,1.42472116758281,362
30.5,23.7247378694191,1.30639469309928,1.29882383102851,362
30,23.2247378694191,1.29137152154016,1.28557147981226,362
28.75,43.4860968730819,1.37209384652004,1.3744810545481,363
24.5,39.2360968730819,1.20894220110877,1.20984263458791,363
-6.5,16.9293031236501,0.820528147190135,0.811669010745613,364
-3,20.4293031236501,0.800366713948526,0.82419343872604,364
45.75,62.1321153825042,1.49317615070652,1.47936793923328,365
41.5,57.8821153825042,1.40398685152853,1.40200874804019,365
34,28.1668149818025,1.3113157142487,1.31321162805861,366
34.25,28.4168149818025,1.33536902334034,1.31854845295364,366
30.5,24.6668149818025,1.22072937671274,1.23849607952825,366
15.25,-2.7212471176885,0.952554023646358,0.964376149732377,367
19,1.0287528823115,1.01953519806524,1.00355761566777,367
18.25,0.278752882311498,1.00176995192649,0.993766363398068,367
18,0.0287528823114975,0.987785362601759,0.991123715919017,367
20.25,31.3528979858757,1.01200494814893,1.0204476869495,368
18,29.1028979858757,0.989566027886534,0.989834202650901,368
17.25,28.3528979858757,0.976310014196087,0.981089028908071,368
20.5,57.7701458369062,1.11658368511256,1.11732048349963,369
22.25,59.5201458369062,1.26237331128773,1.2466020338456,369
19,56.2701458369062,1.02150261054276,1.01850737374525,369
19.25,56.5201458369062,1.04564052679549,1.03296372565837,369
31.5,53.274763189438,1.71211979126414,1.70653400061813,370
31.75,53.524763189438,1.72225694926841,1.72046136387991,370
23.25,61.0312272672927,1.09217377562366,1.09827919177676,371
20.5,58.2812272672927,1.0524756338849,1.03589908643914,371
20.75,58.5312272672927,1.04398114910038,1.04119436129126,371
22.75,60.5312272672927,1.09497306426783,1.08640430373349,371
40.5,36.6240484453839,1.31805966965797,1.30832026430853,372
42.5,38.6240484453839,1.33866699853372,1.33774964247152,372
-3.75,20.4740298214429,0.826910731778052,0.82306437531256,373
-7.75,16.4740298214429,0.825508753884685,0.809265192308225,373
10.5,30.6787369209717,0.929245550342908,0.919104068942198,374
11.5,31.6787369209717,0.919210101697603,0.926614427589184,374
13.5,33.6787369209717,0.937742620053256,0.943167712634544,374
13.25,33.4287369209717,0.940806645966381,0.940974042939724,374
11,31.1787369209717,0.911268648215156,0.92280312560663,374
14.75,34.9287369209717,0.949047776042906,0.954710132733358,374
35.5,54.5832969335572,1.45111578114708,1.44494957203389,375
35,54.0832969335572,1.44762397918651,1.4312900137077,375
25.5,2.38484955467259,1.05486026456947,1.0502007729335,376
24.5,1.38484955467259,1.04355779511712,1.04235844561002,376
23.25,0.134849554672591,1.02697834730625,1.03277692936803,376
21.5,-0.794027147887086,1.03826840321129,1.02141037344278,377
20.75,-1.54402714788709,1.01485371863931,1.01553397700639,377
26.25,28.0763520294905,1.12299744239433,1.12228545194364,378
25.5,27.3263520294905,1.1247444841617,1.10899358574665,378
9.5,38.8358909541293,0.82008479177553,0.828946320890512,379
10,39.3358909541293,0.828948669174164,0.832977645408561,379
8.5,37.8358909541293,0.84226467580802,0.821397356710216,379
-8.75,22.5169845443374,0.740629986127805,0.742243494925352,380
-4.5,26.7669845443374,0.752667122864467,0.754868546110589,380
-9,22.2669845443374,0.71901885349317,0.741565521306056,380
39.5,40.1753672659392,1.23193856721419,1.23474697257027,381
35,35.6753672659392,1.15461729929936,1.18138425781449,381
39.75,65.554558497841,1.54969283277866,1.55357628976424,382
36.5,62.304558497841,1.45544005164012,1.46594948424468,382
41.25,67.054558497841,1.60069479934769,1.59401943077326,382
37.75,63.554558497841,1.50486633483923,1.4996521017522,382
36.5,62.304558497841,1.45544005164012,1.46594948424468,382
24.25,-0.51283160494884,1.03551889330981,1.03524009408993,383
21,-3.76283160494884,1.00642999136744,1.01413837012135,383
26,1.23716839505116,1.04954732880445,1.04711791464363,383
21.5,-3.26283160494884,1.02564077352005,1.01729417948952,383
25,0.23716839505116,1.04555172398996,1.04028657788224,383
32,37.6400980235706,1.22448691465226,1.22037548971051,384
32,37.6400980235706,1.22448691465226,1.22037548971051,384
-3.25,24.091025159328,0.835282201456374,0.817834182537328,385
-2.5,24.841025159328,0.837452861553236,0.820714364585147,385
-2.5,24.841025159328,0.837452861553236,0.820714364585147,385
-2.25,25.091025159328,0.83061079262575,0.821694533525836,385
-2.25,25.091025159328,0.83061079262575,0.821694533525836,385
-3.25,24.091025159328,0.835282201456374,0.817834182537328,385
1,10.5194146281814,0.800212567901411,0.813898464795489,386
-1.25,8.2694146281814,0.796867981910953,0.80435618409338,386
31.5,49.01637802494,1.225955036355,1.20726362098708,387
31.75,49.26637802494,1.2230369332981,1.21156282004602,387
8.75,25.4576072465388,0.912991757153589,0.914088416604394,388
10,26.7076072465388,0.916622755230675,0.922236973833252,388
10,26.7076072465388,0.916622755230675,0.922236973833252,388
7.5,24.2076072465388,0.906101194539301,0.906459592281271,388
45,90.3348042268512,1.92232038624474,1.90671960104228,389
42.5,87.8348042268512,1.89373039474364,1.8854632644628,389
40.5,31.0890130158838,1.535561568531,1.5624976005633,390
37.75,28.3390130158838,1.51369160911924,1.48978356875422,390
36.75,27.3390130158838,1.46288977103364,1.46334210264183,390
44,90.3051961892913,1.97183591202618,1.95683762814318,391
40.5,86.8051961892913,1.94738731414547,1.94927338299016,391
12.75,-6.00629658147546,0.970391199966103,0.961392085948882,392
13,-5.75629658147546,0.974699005500171,0.962831187054125,392
17,-1.75629658147546,0.986498248224832,0.987607733915493,392
17.25,-1.50629658147546,0.987129641284403,0.989271447933458,392
14.25,-4.50629658147546,0.979292762564817,0.97021377006045,392
35.5,54.2768364920714,1.87626483115923,1.87230524753735,393
33,51.7768364920714,1.78716328506971,1.8015168813234,393
36,54.7768364920714,1.87948750218882,1.88040993828169,393
35,61.3759671166761,1.88028591060833,1.8972936502596,394
34,60.3759671166761,1.88019370813099,1.88383345421174,394
35.25,61.6259671166761,1.89236208178194,1.90007582163121,394
-9.5,14.3468635571881,0.756295508498599,0.767120873610242,395
-7.75,16.0968635571881,0.771668825983135,0.77228125767206,395
-5.5,18.3468635571881,0.77667953577743,0.77938698916083,395
-7.75,16.0968635571881,0.771668825983135,0.77228125767206,395
-8.75,15.0968635571881,0.761299024541701,0.769297442839237,395
-7.5,16.3468635571881,0.771361154162989,0.773042116126545,395
22,42.3866624234288,1.09886085308158,1.09188307493262,396
22.5,42.8866624234288,1.11083616100353,1.10745015318649,396
-0.75,-26.2373110735245,0.86930674970616,0.858444114559632,397
3.25,-22.2373110735245,0.863970958140264,0.876434036537967,397
32.5,49.1505586890697,1.2943980799757,1.28229806699158,398
29.75,46.4005586890697,1.22442276942217,1.22337062425771,398
10.75,15.9301065164215,0.863301221612659,0.872131856726396,399
12.5,17.6801065164215,0.873536128357088,0.889305220729489,399
-7.5,18.6480259770391,0.751369394721946,0.755543468852533,400
-6.25,19.8980259770391,0.785366123592943,0.759347373177754,400
46,51.7346019070443,1.84883084372751,1.85697363713411,401
43.25,48.9846019070443,1.80992373894119,1.80362953222011,401
45.75,51.4846019070443,1.84664407792446,1.85323583875929,401
7,15.2875287717531,0.848108635477955,0.8436258417721,402
1,9.28752877175307,0.81161407874894,0.811443758267568,402
5,13.2875287717531,0.837243717854176,0.831590862265736,402
6.5,14.7875287717531,0.823675005029467,0.840444945367747,402
5.5,13.7875287717531,0.829958850565067,0.834446609315715,402
6.75,15.0375287717531,0.852845230716783,0.842019540940617,402
2.25,13.9076725900649,0.819638769763798,0.815551785103887,403
4.5,16.1576725900649,0.843500844916838,0.827102273623281,403
-0.75,10.9076725900649,0.793769247340439,0.802301344879748,403
1.5,13.1576725900649,0.798391408858125,0.81202527808625,403
-0.75,10.9076725900649,0.793769247340439,0.802301344879748,403
21.5,21.3881222599106,1.03815732467041,1.02992552514388,404
22.5,22.3881222599106,1.03781090846881,1.04130636094264,404
0.25,26.0357229637649,0.824844342454925,0.831386059382261,405
-2,23.7857229637649,0.821356629837582,0.821991603999775,405
25.75,35.1524494410192,1.36264363245549,1.36809911294107,406
23.25,32.6524494410192,1.23467762190708,1.23203330931282,406
24.5,33.9024494410192,1.29644387512347,1.30006621112694,406
21.5,30.9024494410192,1.14956796144215,1.13684290568729,406
-3.25,34.1739261918417,0.768904988056117,0.761498324655916,407
-1.75,35.6739261918417,0.781385674672588,0.766881371085321,407
-0.25,37.1739261918417,0.797340858388607,0.772630260805174,407
-1.25,36.1739261918417,0.767864227103327,0.768755824136386,407
-1.5,35.9239261918417,0.774524935218476,0.767813462263896,407
18.5,0.724850056373455,0.984804732542533,0.997613380862263,408
23.5,5.72485005637346,1.04135682883932,1.03847759360573,408
21.75,3.97485005637346,1.03689557405773,1.02392037413456,408
23.75,5.97485005637346,1.04166828948538,1.04060528880652,408
5.75,46.6906773143582,0.810570956936996,0.809238650900996,409
8.75,49.6906773143582,0.816737768968607,0.828894503458083,409
7.5,48.4406773143582,0.824266648511958,0.820117272475716,409
5.25,-19.5354598303671,0.909219014268503,0.902808068055072,410
2.25,-22.5354598303671,0.889814728011817,0.888504164682063,410
3,-21.7854598303671,0.884196163412095,0.891924102713484,410
8.5,5.02507805899946,0.92057239613056,0.923333396606407,411
10.75,7.27507805899946,0.93540517818904,0.93697210128616,411
6.25,2.77507805899946,0.912784712413682,0.910987122425046,411
1.5,-12.2272522864176,0.811227318699142,0.810626242278044,412
7.25,-6.47725228641764,0.849459237180446,0.842114350368465,412
0.75,17.1654604924711,0.774908254383636,0.794380472848783,413
1,17.4154604924711,0.807412992372661,0.795476914865641,413
39.25,71.8101356908528,1.47946802906843,1.48877692242485,414
40.25,72.8101356908528,1.52409607570933,1.51323005451586,414
27.75,24.817915710659,1.10232174860256,1.10485341233676,415
30.75,27.817915710659,1.15205985602946,1.14327439252544,415
30,27.067915710659,1.13833514067039,1.13362606736147,415
47.75,32.6276748643948,1.64792827647174,1.66111014302881,416
42.25,27.1276748643948,1.5237854452728,1.53336637802457,416
46,30.8776748643948,1.63219719878585,1.62046439961837,416
42.25,27.1276748643948,1.5237854452728,1.53336637802457,416
4.25,56.174949018035,0.780686811186148,0.763051503999313,417
4.5,56.424949018035,0.770574356043791,0.764276665599957,417
-7.75,-3.22680510898668,0.817793404419363,0.824811087418036,418
-6,-1.47680510898668,0.8252705072267,0.830629753491365,418
-7.25,-2.72680510898668,0.828668557868887,0.826441327918257,418
21.25,61.3403078936934,1.16818429362929,1.16673163063049,419
25.5,65.5903078936934,1.47179293611598,1.47154314584897,419
26.5,66.5903078936934,1.56287530852998,1.54326444551657,419
37.25,46.4593256333381,1.79965512834438,1.7861980877521,420
36.75,45.9593256333381,1.7563215812123,1.76773248288731,420
24.5,36.0412201889315,1.09588508994342,1.09685225759138,421
21.25,32.7912201889315,1.04972910848796,1.03962627295222,421
-1,-6.31949411008944,0.89106415907023,0.874936856844078,422
-3,-8.31949411008944,0.852447576771979,0.867279499344872,422
-0.5,-5.81949411008944,0.875130116205874,0.876943078414323,422
18.75,15.0079161494806,1.00367350447309,1,423
18.5,14.7579161494806,1.00800313461971,0.996774945768945,423
24,20.2579161494806,1.05872455889674,1.05848650573955,423
25.5,21.7579161494806,1.07681558461058,1.07669590710168,423
22.75,19.0079161494806,1.03788720175745,1.04377642112811,423
13.25,29.184083664308,0.903338966532878,0.880060539549399,424
10.5,26.434083664308,0.853302823467511,0.851599483203601,424
14,29.934083664308,0.889187498299274,0.889822999015407,424
10,25.934083664308,0.836668213225757,0.847293305803756,424
11.5,27.434083664308,0.872799678898372,0.860910681463395,424
11,26.934083664308,0.84602874554979,0.856134552879609,424
35.75,56.0900469645042,1.26883677583471,1.28219467735118,425
36.75,57.0900469645042,1.30398439674742,1.29950069779082,425
18.25,23.2455176003018,0.988793059870074,0.9860379325925,426
23,27.9955176003018,1.12786500571865,1.12691578173409,426
21,6.45570471149407,1.01251396102772,1.03578226263709,427
17.5,2.95570471149407,0.991909116657004,0.981640493973375,427
27,48.3861448937769,1.15166011413895,1.14814194222841,428
26.75,48.1361448937769,1.15372956364331,1.1432875789146,428
44.5,51.5128998357166,1.48906154458661,1.4794472375874,429
40,47.0128998357166,1.3884771315584,1.39353429890959,429
39.75,46.7628998357166,1.38354282902951,1.38876135787193,429
42.5,49.5128998357166,1.42004703373245,1.44126370928615,429
40.75,47.7628998357166,1.40433044442337,1.40785312202255,429
39.25,46.2628998357166,1.37339443195462,1.37921547579662,429
2.75,-12.260905626028,0.918317259455867,0.914909677242534,430
8.5,-6.51090562602804,0.927312784181925,0.940384493003033,430
1.75,-10.0616471214315,0.912837109862925,0.912393020963218,431
0.75,-11.0616471214315,0.888459891874735,0.908557711763627,431
0,-11.8116471214315,0.879539089077536,0.90575439250886,431
0,-11.8116471214315,0.879539089077536,0.90575439250886,431
21.5,47.5726145200251,1.18225788470315,1.17665576551357,432
21.75,47.8226145200251,1.20400355433389,1.19386697332585,432
19.25,45.3226145200251,1.03507648823297,1.03059586126759,432
1.25,-2.1699191547295,0.891960978376076,0.888448932879803,433
5,1.5800808452705,0.921329268503188,0.905593931293247,433
22.75,57.3950895794308,1.10929312599217,1.10917120699383,434
17,51.6450895794308,0.97306033406252,0.962736971282951,434
3.25,28.0554670079593,0.793533212844231,0.805581651526563,435
10,34.8054670079593,0.846030286030715,0.848702287477434,435
26,42.1376553419158,1.28518340501425,1.28023901658128,436
24.25,40.3876553419158,1.21547038668033,1.20947761800051,436
1,13.6559027843474,0.821602219889283,0.820790090615768,437
-1,11.6559027843474,0.802003665806961,0.812146698182686,437
5.25,17.9059027843474,0.83226820100254,0.842379699381767,437
1.25,13.9059027843474,0.818522941515005,0.821932823078933,437
5.25,17.9059027843474,0.83226820100254,0.842379699381767,437
-2.25,7.28260689576116,0.85652781247519,0.864119061608354,438
0,9.53260689576116,0.886759558034787,0.873105092876988,438
-0.25,9.28260689576116,0.891855929906915,0.872066144325469,438
23.75,16.0960589532382,1.1064269227269,1.09801394138278,439
25.5,17.8460589532382,1.14987418022001,1.13603324122078,439
26,18.3460589532382,1.15216371042584,1.14700117426333,439
27,19.3460589532382,1.16700255158165,1.16897120845739,439
22.25,14.5960589532382,1.04919525733333,1.06648270861187,439
9.5,33.4385989106253,0.885529015947728,0.896847781721718,440
9.5,33.4385989106253,0.885529015947728,0.896847781721718,440
7.5,31.4385989106253,0.898286736871288,0.883061717794722,440
-2.75,19.4578163306632,0.839327061918495,0.840528905684076,441
-5.5,16.7078163306632,0.83442863961484,0.830509688963959,441
0.5,22.7078163306632,0.841933716199435,0.85393398566446,441
-2.75,19.4578163306632,0.839327061918495,0.840528905684076,441
8.5,29.6433897703106,0.870304284209191,0.864649042302005,442
10,31.1433897703106,0.86167004588731,0.876159218614901,442
7.75,28.8933897703106,0.874675788853445,0.859389534867027,442
13,34.1433897703106,0.919389650508584,0.90459430356328,442
8,29.1433897703106,0.861137774355619,0.861112731269938,442
0.75,5.76571649730432,0.875924338466922,0.865639210565958,443
2.25,7.26571649730432,0.87936346961099,0.872423561511394,443
2.25,7.26571649730432,0.87936346961099,0.872423561511394,443
4.5,9.51571649730432,0.879044940321913,0.883557908387392,443
5.25,10.2657164973043,0.887331314437349,0.887544462688825,443
7,12.0157164973043,0.890887497425145,0.897423464221643,443
-3.75,9.49517241238184,0.794342523266166,0.798654975052566,444
-3.25,9.99517241238184,0.781215023515249,0.80048919272949,444
9.25,21.9367066810406,0.920544349984252,0.912004510151217,445
8.5,21.1867066810406,0.900690004964254,0.907088292489931,445
29.5,30.7552800618034,1.15944770539272,1.16529912339471,446
32.5,33.7552800618034,1.21942117780091,1.21475523533549,446
36.25,37.5052800618034,1.26564715441433,1.27657700736471,446
35,36.2552800618034,1.26569812899719,1.25596975002164,446
29.75,31.0052800618034,1.16029860070419,1.16941970188335,446
15,31.5882678106009,0.913169183284991,0.913491649764936,447
15.75,32.3382678106009,0.913915623170485,0.925912346759281,447
4,8.78837365082058,0.860665759198068,0.863850489624635,448
2.75,7.53837365082058,0.853318582026914,0.857494690501904,448
3,7.78837365082058,0.853793702139936,0.858736018066021,448
1.5,6.28837365082058,0.851598405360021,0.851503169956357,448
42.75,34.8091483408961,1.74560523965071,1.73660107072647,449
40.5,32.5591483408961,1.67087954118983,1.66699332649131,449
-6.25,35.3270418640385,0.811417017599439,0.801863270036849,450
-3.75,37.8270418640385,0.814638044617838,0.81057718352279,450
-11.5,16.3414814676997,0.755783411079274,0.758763095463141,451
-10.75,17.0914814676997,0.757600580743428,0.760794256256327,451
2.5,37.3412418264213,0.762414168646925,0.773246889878228,452
2.5,37.3412418264213,0.762414168646925,0.773246889878228,452
-0.25,34.5912418264213,0.738549171609323,0.761721520040445,452
-1.75,33.0912418264213,0.743277333208029,0.75607928017741,452
1.25,36.0912418264213,0.744136186410602,0.767808856044773,452
2,0.282385178424429,0.905308964018326,0.90334932063526,453
1.25,-0.467614821575571,0.889040313325219,0.900275144116386,453
46.75,46.1741877063241,1.69499726127293,1.70387549028967,454
44,43.4241877063241,1.62560034967189,1.63357106330913,454
41.5,40.9241877063241,1.56672283078629,1.56959639368765,454
31.75,44.8014786443682,1.20232895239902,1.20058940833276,455
31.5,44.5514786443682,1.20099643156672,1.19650288286122,455
19,24.5854828449305,1.00358603797619,1.00797744001201,456
18.5,24.0854828449305,0.981506376719338,0.992022559987993,456
18.25,23.8354828449305,0.9753933327137,0.986422189261071,456
37.25,44.8006204413156,1.51410816391361,1.49981070444781,457
36.5,44.0506204413156,1.48073103482514,1.47903486704492,457
34.25,41.8006204413156,1.40572023617518,1.41670735483624,457
33,40.5506204413156,1.38630836904186,1.38208095916475,457
37.25,44.8006204413156,1.51410816391361,1.49981070444781,457
37.75,45.3006204413156,1.50274825845822,1.5136612627164,457
17.75,26.576810377372,1.0074435503709,0.990496265706473,458
17.75,26.576810377372,1.0074435503709,0.990496265706473,458
19.25,28.076810377372,0.985611687178291,1.00518737532562,458
39.5,37.762093883593,1.33327035159951,1.33129711939916,459
39,37.262093883593,1.31815208484869,1.32302658304587,459
32.5,52.1918575763593,1.72561377264376,1.71448826820652,460
30,49.6918575763593,1.57556642756411,1.58236564828465,460
29,48.6918575763593,1.54354873325491,1.52945357721816,460
-2.5,-3.74005751185762,0.807170087136796,0.806191811787579,461
-3.25,-4.49005751185762,0.838735410625072,0.803378052055853,461
20.25,41.238297131199,1.06177139579583,1.06165316408543,462
18.5,39.488297131199,0.979989980722554,0.988061221535551,462
23,43.988297131199,1.20071621169101,1.19005408459177,462
23.75,44.738297131199,1.21879301420716,1.22587041998512,462
22.25,43.238297131199,1.15736769441733,1.15424761596062,462
0.25,14.9086633702986,0.830109535345369,0.824568634417295,463
-0.25,14.4086633702986,0.835178073269419,0.822398539404455,463
25.25,29.4893520064471,1.07855310916846,1.07325811426228,464
24.5,28.7393520064471,1.06814052153802,1.06417721991546,464
-7.25,9.82337693194664,0.811555578698516,0.812394081983864,465
-7,10.0733769319466,0.807235700505088,0.813213894633835,465
-3,4.05828356965057,0.852471677878903,0.862247272781556,466
-2.25,4.80828356965057,0.851751482618354,0.865080554114932,466
36,53.4562690412604,1.28783538381665,1.27927352215049,467
38.25,55.7062690412604,1.32186535125241,1.3172610938211,467
35.75,53.2062690412604,1.26996456768693,1.27505268085375,467
42.5,80.4817583419215,1.93345271255497,1.92612802259129,468
41.25,79.2317583419215,1.91961442135835,1.91980462865532,468
37.5,75.4817583419215,1.88590105763802,1.88986106495466,468
-0.75,-0.126928692522808,0.861066459968383,0.878199453137006,469
-5.75,-5.12692869252281,0.864655404420067,0.859899134030484,469
-2,-1.37692869252281,0.855860724963709,0.873321361111085,469
-1.5,-0.876928692522808,0.85274543853349,0.875245963522286,469
-5,-4.37692869252281,0.852233880941329,0.862460816973796,469
21,88.8524466294974,1.35004263007145,1.35499444829281,470
22,89.8524466294974,1.53381346559281,1.51711803371803,470
21,88.8524466294974,1.35004263007145,1.35499444829281,470
17.75,43.9947589583816,0.981923952854186,0.983986307705225,471
18.5,44.7447589583816,0.977177758292715,0.994922224409403,471
13.25,39.4947589583816,0.929864589972566,0.931232537192583,471
17.25,43.4947589583816,0.987654104440372,0.977068916006749,471
18.25,44.4947589583816,1.00570428848513,0.991205784963703,471
32.25,50.5882012073349,1.56175495136961,1.5639538114187,472
30.25,48.5882012073349,1.48348124930001,1.4784889556259,472
33.75,52.0882012073349,1.6237816115123,1.6280524532633,472
27.75,46.0882012073349,1.37518480048045,1.3716578858849,472
30.5,48.8382012073349,1.49326192549707,1.4891720626,472
28.5,22.4815189772182,1.27701475016739,1.28850151776684,473
24.5,18.4815189772182,1.16038978150662,1.16491116635631,473
28,21.9815189772182,1.26641730946489,1.27305246057728,473
-2,-5.3102557604116,0.802328817476149,0.807253885867563,474
-4.25,-7.5602557604116,0.81272845568483,0.798879885672979,474
-8,-11.3102557604116,0.796408580662537,0.786373217215461,474
27.25,35.6820559728341,1.24689670895269,1.25010450994267,475
32,40.4320559728341,1.40075808529941,1.39699676866138,475
27.75,36.1820559728341,1.24562224660219,1.26556685296569,475
26,38.1105785363622,1.16141079014293,1.15314444292152,476
28.75,40.8605785363622,1.20507791043638,1.21593762386624,476
30.5,42.6105785363622,1.24628086284616,1.25590162826089,476
-9,-11.7768103837998,0.842345025123527,0.845325966467741,477
-4,-6.77681038379979,0.844992496725184,0.861982073991396,477
-5,-7.77681038379979,0.864946953384535,0.858445833371515,477
43,51.1126049058709,1.94398230996494,1.9262518078234,478
42,50.1126049058709,1.9133964289092,1.92137581063751,478
48.75,56.8626049058709,1.94339649709701,1.94423634472719,478
27,35.1873448437065,1.11511633814962,1.11242026233573,479
30.25,38.4373448437065,1.16874114188901,1.16108846068265,479
26,34.1873448437065,1.09300779359742,1.09764355560695,479
-3.75,3.16285340513091,0.775569287068778,0.779806854711681,480
-4.25,2.66285340513091,0.780608375056941,0.778066190577827,480
-1.5,5.41285340513091,0.805797281444238,0.788175265612988,480
7.5,26.5621747089966,0.859187346826202,0.849741478045886,481
6.5,25.5621747089966,0.850209612227506,0.843237439174701,481
8.75,27.8121747089966,0.848276054351034,0.858605019653153,481
4.75,23.8121747089966,0.854571222412858,0.832971061904275,481
6.75,25.8121747089966,0.826774719472901,0.844817008414181,481
-6.25,13.3412524310407,0.765649193125842,0.766693396816525,482
-7,12.5912524310407,0.756852346097758,0.764354081710706,482
44,65.5845915161313,1.26944378013586,1.27439648707834,483
47.75,69.3345915161313,1.3133687324618,1.31681500188489,483
45,66.5845915161313,1.26981461940654,1.28570809102675,483
47.75,69.3345915161313,1.3133687324618,1.31681500188489,483
27,59.6433944848381,1.16587323751242,1.16980501847769,484
22.75,55.3933944848381,1.07007324210981,1.07720014626959,484
42,68.8359946846173,1.58376667101264,1.58808953129753,485
43.25,70.0859946846173,1.61049761236475,1.62038374126606,485
40,66.8359946846173,1.55111888135103,1.53641879534788,485
42.25,69.0859946846173,1.60982267260844,1.59454837329123,485
27,29.5197954493346,1.09749083172295,1.07889359085732,486
22.75,25.2697954493346,1.04261583934343,1.03645527506546,486
28.25,30.7697954493346,1.07263405277077,1.0919672453245,486
29.25,31.7697954493346,1.10355941098143,1.10253102666345,486
41,70.0543248709115,1.45521089237753,1.46703289990326,487
43.5,72.5543248709115,1.51738493176954,1.52089565991833,487
40.75,69.8043248709115,1.45703109377115,1.46164662390175,487
42.75,71.8043248709115,1.50832304108256,1.50473683191381,487
-2.25,-27.3991410666145,0.847096970599005,0.837569360450902,488
-5.5,-30.6491410666145,0.833177012414133,0.825583440233012,488
-9,-34.1491410666145,0.817057575538221,0.814073022542849,488
-5.25,-30.3991410666145,0.827368759733576,0.82645908066282,488
-4.5,-29.6491410666145,0.840591452048926,0.829130990730737,488
7,3.83850083670639,0.917152679068213,0.911327352661957,489
12,8.8385008367064,0.950359556917099,0.942468335533285,489
7.25,4.08850083670639,0.899421967495602,0.912716011947649,489
34.75,19.9905087595937,1.07629152424734,1.07373497523863,490
35.25,20.4905087595937,1.06543621162003,1.07620975892294,490
3.75,-12.2351475489905,0.853765253642321,0.850344902015952,491
3.25,-12.7351475489905,0.852962457545161,0.847751236783222,491
30.25,14.1125800902133,1.07500069776803,1.08421103325806,492
27.25,11.1125800902133,1.0630501687307,1.06080116422975,492
39.25,64.897225382374,1.6299935913475,1.63803648181137,493
41.25,66.897225382374,1.70301617929091,1.70148351917224,493
41,66.647225382374,1.69612826590041,1.69356626900879,493
41.75,67.397225382374,1.709796827032,1.71719092006173,493
41,66.647225382374,1.69612826590041,1.69356626900879,493
44,54.0508879899227,1.91288704393762,1.90985050181176,494
48,58.0508879899227,1.93409107516387,1.92925147546355,494
27.75,26.0862058862776,1.19675620461323,1.20982324606258,495
29.25,27.5862058862776,1.24425976370162,1.24688097486713,495
24.75,23.0862058862776,1.12510162397735,1.13574474439627,495
5.75,6.86816012281793,0.853686699507759,0.863106742588444,496
5.25,6.36816012281793,0.848805099150243,0.860215767106079,496
9.5,10.6181601228179,0.904906698522329,0.888102368590168,496
3.25,4.36816012281793,0.850105095465483,0.849409328979342,496
0.75,31.3435532926328,0.806949520499191,0.821037321365619,497
0.75,31.3435532926328,0.806949520499191,0.821037321365619,497
0.75,31.3435532926328,0.806949520499191,0.821037321365619,497
1.25,31.8435532926328,0.817922044285387,0.823309915454985,497
0,30.5935532926328,0.806365566170067,0.817731781708336,497
11.25,-7.63042529930529,0.913118843811377,0.909744334338333,498
6.5,-12.3804252993053,0.869590574891365,0.875835799049624,498
8,-10.8804252993053,0.877478921913432,0.88541318537394,498
8.5,35.252748524567,0.874146729946116,0.885470291603451,499
6,32.752748524567,0.874100593359148,0.869388047095926,499
0.75,27.442803842498,0.792239816652413,0.79607757994294,500
-2.5,24.192803842498,0.77439581337758,0.782957909941833,500
41.5,54.0260415832297,1.39537840480311,1.38340513710249,501
43,55.5260415832297,1.41786792221969,1.40947682446178,501
20.5,45.0884451292055,1.01411415382551,1.03636093281391,502
25.25,49.8384451292055,1.13690894333677,1.1488017908967,502
31.5,60.1514652987749,1.44483662656523,1.45285049956371,503
36,64.6514652987749,1.61663104593824,1.61722655654143,503
3.5,-8.29224286417555,0.837729018206185,0.838260716244667,504
1,-10.7922428641755,0.834945981469897,0.826195962825504,504
17,41.6164303819629,0.958811950722838,0.962439438604635,505
22.75,47.3664303819629,1.11023762756449,1.11029829712369,505
9,-5.97132433532977,0.874331012217106,0.888743899308334,506
12.5,-2.47132433532977,0.914804021941444,0.917705033793856,506
7.25,-7.72132433532977,0.890562135626313,0.876804305682988,506
11.5,-3.47132433532977,0.916859115004846,0.908570702466724,506
28.75,45.2012532844915,1.39700146288152,1.40106956868768,507
25.5,41.9512532844915,1.26818807122365,1.26652687669907,507
-6.75,7.79992531521867,0.834796695335472,0.844490196776004,508
-3.25,11.2999253152187,0.861190427586791,0.856824943283808,508
29.5,43.6616610167292,1.18129366272918,1.18115700899472,509
33.5,47.6616610167292,1.24778588520297,1.25305604003729,509
27.75,41.9116610167292,1.13781813600014,1.14971008566849,509
7.5,7.72623645550385,0.913361860156973,0.902093130423309,510
11,11.2262364555038,0.921567984923455,0.925412551666744,510
8.5,8.72623645550385,0.898719321100528,0.908289603376997,510
12.25,12.4762364555038,0.920931107931709,0.934956144400954,510
9,9.22623645550385,0.903751049293817,0.911522408863714,510
43.5,28.7105795167959,1.58156038618507,1.59018034173659,511
42.25,27.4605795167959,1.57604091136817,1.55974158974619,511
40.25,25.4605795167959,1.50212448416758,1.51103958656154,511
44.5,29.7105795167959,1.62591277140516,1.61453134332892,511
41.75,71.7167512758974,1.54724603229644,1.56630953471613,512
45,74.9667512758974,1.65370033510274,1.64810491683584,512
28.75,69.9520513374601,1.38029060658286,1.37163308621062,513
29.25,70.4520513374601,1.39860495953373,1.39085972131734,513
29,70.2020513374601,1.38316153558197,1.38124640376398,513
30.25,33.3290189675426,1.20324157682798,1.19379486300167,514
26,29.0790189675426,1.11229995589907,1.11785766366147,514
4,29.3342641858341,0.842146571857306,0.84211349747496,515
-2,23.3342641858341,0.803854389205731,0.814699230208293,515
-2,23.3342641858341,0.803854389205731,0.814699230208293,515
31.5,48.4263622830609,1.33944279488854,1.34504456204536,516
31.5,48.4263622830609,1.33944279488854,1.34504456204536,516
37.5,56.9204357519319,1.31242433422396,1.3186749339456,517
36.75,56.1704357519319,1.31441061934159,1.30544641687617,517
37.5,56.9204357519319,1.31242433422396,1.3186749339456,517
0.5,11.8669127489496,0.797453980210476,0.802198020010186,518
6.5,17.8669127489496,0.833020752531859,0.833241854597527,518
6.75,18.1169127489496,0.823792627113917,0.834804209903775,518
-8.25,10.224586393511,0.80665255197106,0.81183387935201,519
-6.75,11.724586393511,0.80790960321561,0.81670354152092,519
-4.5,13.974586393511,0.836841540387064,0.824518557426427,519
19.75,43.1750600415313,1.05968068080095,1.05212197712114,520
23,46.4250600415313,1.25423304017792,1.24456881606675,520
20.25,43.6750600415313,1.09342010481988,1.0796427136188,520
19.25,42.6750600415313,1.02538350976015,1.02683678178861,520
21,44.4250600415313,1.14053765243941,1.1236252663624,520
39.25,29.9277432358403,1.38614920051024,1.38781618086063,521
37.25,27.9277432358403,1.34099992690583,1.34879048725446,521
6,21.9459598056902,0.875054615782668,0.868846399083599,522
8.5,24.4459598056902,0.872492778504443,0.884943048452433,522
12.5,16.2855301293626,0.889107228040909,0.884885290977786,523
10,13.7855301293626,0.860308710859585,0.861160032446379,523
8.5,12.2855301293626,0.861068904493955,0.849442060116773,523
10.5,29.7884934999505,0.850046030429575,0.852111346079382,524
16.25,35.5384934999505,0.940482035761613,0.927885387876269,524
13.25,32.5384934999505,0.889339082182808,0.880562278746237,524
14.5,33.7884934999505,0.894967855231721,0.897413665257961,524
15.75,35.0384934999505,0.922983155359959,0.918158476824542,524
15.75,-11.6216754367837,0.972798021125481,0.978038169532872,525
13.5,-13.8716754367837,0.975199751972426,0.96343651633355,525
15.75,-11.6216754367837,0.972798021125481,0.978038169532872,525
18.75,-8.62167543678369,1.01187228829723,1,525
27.5,18.6098718866829,1.22730923887301,1.20070360516696,526
28.5,19.6098718866829,1.22367310572141,1.2250706252765,526
28.25,19.3598718866829,1.21172826194456,1.21897887024912,526
-4.5,32.1195156528903,0.784170498318886,0.783960386349963,527
-0.25,36.3695156528903,0.797101612337951,0.800172744326339,527
-2.5,34.1195156528903,0.794599545389089,0.791215759839128,527
-4.5,32.1195156528903,0.784170498318886,0.783960386349963,527
18.25,49.7394680955621,0.975191932136033,0.987485328127908,528
23.75,55.2394680955621,1.1585818737322,1.13386829260928,528
23.5,54.9894680955621,1.12976497485648,1.12658547515832,528
21.75,53.2394680955621,1.0821289996376,1.07659961509807,528
0.75,7.06089266511235,0.847942267936341,0.847753135411839,529
2.25,8.56089266511235,0.847451457851254,0.854735925587058,529
-3,3.31089266511235,0.834887788027489,0.832297708823544,529
0,6.31089266511235,0.8533213117904,0.844443653587334,529
38.75,73.375576517552,1.52177176044127,1.52047791870609,530
42,76.625576517552,1.61852064490267,1.60710497541798,530
38.25,72.875576517552,1.52165575112466,1.50715067921195,530
38,72.625576517552,1.50326256407647,1.50048705946488,530
38.75,73.375576517552,1.52177176044127,1.52047791870609,530
12,-4.12923261861342,0.895489934508084,0.90977833903422,531
14.5,-1.62923261861342,0.933619461534941,0.935841754250072,531
11.25,27.6666805057567,0.856260640928799,0.864436871722432,532
15.25,31.6666805057567,0.916302719144677,0.914158057435686,532
15.25,31.6666805057567,0.916302719144677,0.914158057435686,532
18.5,57.1539058403056,1.00605682343426,0.990351068222076,533
21.25,59.9039058403056,1.0759136632321,1.08467183325051,533
17.5,56.1539058403056,0.958749936137897,0.965482140093502,533
22,60.6539058403056,1.12134406352279,1.1127799886468,533
24.5,41.6972372111569,1.20541764747542,1.21065780639111,534
28.75,45.9472372111569,1.38197836564931,1.37589965665697,534
19.5,37.8253963016645,1.0094214809486,1.01353058842751,535
23.75,42.0753963016645,1.06896335539376,1.09427879889845,535
19,10.0840297331927,1.02115115308802,1.00888539521457,536
15,6.08402973319272,0.925806058870659,0.923508568942298,536
19.25,10.3340297331927,1.01261225306851,1.01567588745395,536
17.25,8.33402973319272,0.943253103857749,0.962604854592547,536
15.5,31.3226654907289,0.948529414330996,0.943628833605848,537
12.5,28.3226654907289,0.924615273747536,0.908358569721995,537
27.75,50.9302501088002,1.43266441183183,1.43848964802125,538
28.5,51.6802501088002,1.48471066527609,1.476106466502,538
22.25,34.9527184131857,1.06589958988483,1.06685461138109,539
24.5,37.2027184131857,1.12612665518083,1.11485362977535,539
23.75,36.4527184131857,1.10257409390281,1.09856937657834,539
27.5,40.2027184131857,1.19879376715684,1.18096321335183,539
25,37.7027184131857,1.12062465153822,1.12580944387665,539
31.75,51.0430472156737,1.18316512237379,1.17469182359893,540
31.25,50.5430472156737,1.16891911843736,1.16752454874178,540
-6.25,-1.23367624885345,0.810704900317347,0.804751407333332,541
-7.5,-2.48367624885345,0.804628451951792,0.800672650383467,541
-4.75,0.26632375114655,0.820868377429195,0.809890461032569,541
-2.25,2.76632375114655,0.819696572632038,0.819222386590703,541
-1.25,3.76632375114655,0.841647803298076,0.823244360137377,541
30,69.1471059284945,1.32397452259603,1.32762131162073,542
26,65.1471059284945,1.20969831199961,1.20660323599365,542
1.75,-0.883126724813232,0.871236123576876,0.874977091998599,543
3.5,0.866873275186768,0.895026261697128,0.883250556474558,543
-9,-8.29965294056384,0.796531836049607,0.803342893798465,544
-4.5,-3.79965294056384,0.820732874206015,0.81825214432515,544
-3.75,-3.04965294056384,0.845039955445797,0.820999216350375,544
22.75,43.9129010730428,1.10109671584343,1.11128768894686,545
22.5,43.6629010730428,1.1057516203733,1.10369518617041,545
17.75,38.9129010730428,0.960595964130703,0.976446594752208,545
17.5,11.3717570785356,0.979217501628644,0.977192150439885,546
12,5.87175707853563,0.928631378515881,0.910152327786935,546
11.25,5.12175707853563,0.912357082248033,0.903419126334775,546
13.5,47.7672985918658,0.85748707354261,0.860989794747171,547
8.25,42.5172985918658,0.827616166718845,0.811826302713578,547
12.25,46.5172985918658,0.847410021230119,0.846181290498193,547
-3.75,12.6852662698643,0.788955004244815,0.785357191689406,548
1.25,17.6852662698643,0.79903176942663,0.805385755035498,548
-7,6.43084146083993,0.751863630996604,0.767348553601627,549
-12.25,1.18084146083993,0.760862395664113,0.752519298441364,549
43.25,72.0570328570385,1.95488655067992,1.94949789279949,550
44.5,73.3070328570385,1.92664704949181,1.95225752389532,550
22.5,45.6998247802458,1.06073738211211,1.07271864823485,551
22.5,45.6998247802458,1.06073738211211,1.07271864823485,551
26,49.1998247802458,1.12683491235892,1.149251541598,551
21.5,44.6998247802458,1.05586745315017,1.05212294547169,551
28.25,51.4498247802458,1.22650021209821,1.19940471423623,551
28.5,40.3162473604956,1.4826801355698,1.47257497816297,552
29.75,41.5662473604956,1.53638928245006,1.53481686820902,552
24.25,36.0662473604956,1.26040786612169,1.26095255200639,552
27.75,39.5662473604956,1.4316122631566,1.43522984413534,552
33.25,59.2163997510073,1.45479653103437,1.45400359154509,553
33.5,59.4663997510073,1.45357342312393,1.46205187472846,553
38.5,64.4663997510073,1.60982893533832,1.62301753839593,553
38.75,64.7163997510073,1.64112408755374,1.63106582157931,553
41.5,70.7464698062839,1.92899561286352,1.93673684732494,554
42.75,71.9964698062839,1.94123114131592,1.94048558517606,554
44.25,73.4964698062839,1.95276935874603,1.94446889106315,554
41.75,70.9964698062839,1.93330452118655,1.93754482636904,554
43.25,72.4964698062839,1.92918769428832,1.94186038426,554
38,67.2464698062839,1.932106893014,1.92095941558171,554
-3.75,1.11520338498954,0.814481378363908,0.813168441822279,555
-4.25,0.615203384989542,0.80825558121178,0.811343504100023,555
-3.5,6.85649669759546,0.833953468964354,0.82947862576486,556
-8,2.35649669759546,0.817558920908368,0.813900122484864,556
33,34.888698260515,1.18401422950172,1.19097609566544,557
35.5,37.388698260515,1.22576817953969,1.22652635677729,557
27.75,41.0515581057524,1.15978821713098,1.15720493899309,558
28.25,41.5515581057524,1.17045554802629,1.16660942983293,558
43,41.3133414979559,1.37157213622791,1.37115530872652,559
45,43.3133414979559,1.39892058480913,1.40274344908824,559
44,42.3133414979559,1.37068258812574,1.38694937890738,559
45,43.3133414979559,1.39892058480913,1.40274344908824,559
45.5,43.8133414979559,1.39055544517119,1.41064048417868,559
44.75,43.0633414979559,1.4052322240251,1.39879493154303,559
22.75,44.3718420761226,1.16996029506211,1.1769298373228,560
21.5,43.1218420761226,1.10974631712496,1.11781043135021,560
25.75,47.3718420761226,1.31429511946619,1.3193075838012,560
37,64.2678310252659,1.5126200965691,1.5173416756603,561
36.25,63.5178310252659,1.47771514735062,1.49555887593398,561
34.75,62.0178310252659,1.43565278083887,1.45199327648134,561
43.25,60.2870075857492,1.84120377151455,1.83892432327952,562
41.75,58.7870075857492,1.79825257056046,1.80489150292762,562
38.25,55.2870075857492,1.69472447684211,1.69048324817758,562
44.5,61.5370075857492,1.85743114979349,1.86005201385795,562
42,59.0370075857492,1.81186388651859,1.81129215266909,562
35.5,19.7974861360793,1.37996503159174,1.37793504643405,563
35,19.2974861360793,1.37332412656907,1.36628169303488,563
37.25,21.5474861360793,1.41318491777599,1.41872178333116,563
35.75,20.0474861360793,1.39375720615026,1.38376172313364,563
-10,-14.5508720979344,0.755318562515967,0.772765176148125,564
-8.5,-13.0508720979344,0.794160113532166,0.777126917808553,564
-5,-9.5508720979344,0.779533734616867,0.788364318937105,564
-4,-8.5508720979344,0.797944823205914,0.791877577482569,564
-5,-9.5508720979344,0.779533734616867,0.788364318937105,564
27,38.4753790799407,1.13409550996249,1.11180302955594,565
27.75,39.2253790799407,1.11763810564777,1.12292346379268,565
25.5,36.9753790799407,1.09567250598914,1.08983003504273,565
25.25,36.7253790799407,1.07764069708704,1.08620772850613,565
31,42.4753790799407,1.17738761849591,1.1714273146879,565
7.5,33.3514112506839,0.825789974316832,0.821966491249406,566
8.5,34.3514112506839,0.83039578199712,0.828920092169786,566
6,31.8514112506839,0.812083974065239,0.812519249299615,566
3.25,29.1014112506839,0.811766640556458,0.797734324213319,566
4.5,30.3514112506839,0.813852553808436,0.804129656753601,566
4.5,30.3514112506839,0.813852553808436,0.804129656753601,566
35.5,46.1567776594638,1.28148061333653,1.28733858201371,567
33.75,44.4067776594638,1.26293074085956,1.25605793212207,567
36.25,46.9067776594638,1.28594519976781,1.30074457482442,567
10.5,7.99891356078437,0.945818973275473,0.954404964839117,568
10.5,7.99891356078437,0.945818973275473,0.954404964839117,568
40.25,48.9966579844985,1.74177792020727,1.73586790751538,569
45,53.7466579844985,1.85476387512224,1.85431419473369,569
35.25,63.4113269847768,1.88664166370484,1.8769568084784,570
34,62.1613269847768,1.84589847118298,1.85103273789154,570
40.25,68.4113269847768,1.91852764018084,1.92279784744922,570
43.75,54.60579858658,1.92820598978117,1.91746388923738,571
38.25,49.10579858658,1.85870957234262,1.86431298001329,571
34,74.9571700326383,1.44261850874011,1.44609563531868,572
38,78.9571700326383,1.56627819965866,1.56644497962324,572
32.25,73.2071700326383,1.38583243439306,1.39344279718543,572
4,18.2882890590186,0.842276169973248,0.860975920788884,573
3.5,17.7882890590186,0.848224605778628,0.85837348277958,573
-3,-22.9774787100418,0.835806369678053,0.842901922600876,574
-0.5,-20.4774787100418,0.854805600062195,0.852933659080794,574
-3.25,-23.2274787100418,0.825965240312742,0.841954272461563,574
41.75,43.7368593485071,1.66870116109844,1.67181019306392,575
43.5,45.4868593485071,1.72803929984772,1.72356343357915,575
40.75,42.7368593485071,1.64914881432842,1.64204833775735,575
-1.5,7.92695360860777,0.800392686520815,0.794160531365509,576
-0.75,8.67695360860777,0.80130617361412,0.797176225518393,576
-1.5,7.92695360860777,0.800392686520815,0.794160531365509,576
19.5,29.531752581578,1.01969994442398,1.0136297058259,577
21.75,31.781752581578,1.04901595201066,1.0546658183728,577
19.5,29.531752581578,1.01969994442398,1.0136297058259,577
6.5,23.2286553441702,0.896261448503584,0.894529853410975,578
7,23.7286553441702,0.888958901412792,0.897437329954519,578
27.5,55.0958986380877,1.32647532864691,1.33351596201343,579
29.75,57.3458986380877,1.44569183292213,1.42259750637854,579
28.75,56.3458986380877,1.38627530191009,1.38300570888294,579
25.25,52.8458986380877,1.23638615933122,1.24443441764833,579
25,52.5958986380877,1.22148441247989,1.23453646827443,579
27.5,55.0958986380877,1.32647532864691,1.33351596201343,579
46.5,43.8507618152568,1.82119432916754,1.8190596140237,580
46.5,43.8507618152568,1.82119432916754,1.8190596140237,580
33.5,44.8636721718481,1.20752871271721,1.20018736490806,581
34,45.3636721718481,1.208696977753,1.20736932807215,581
32.5,10.7927679366829,1.24866652738538,1.25092680762312,582
33.5,11.7927679366829,1.25370091589271,1.27006105457023,582
18.25,33.9517231001664,1.00089981774498,0.989269279111835,583
21.75,37.4517231001664,1.0602339185535,1.0645191370121,583
21,36.7017231001664,1.04767174596805,1.04749407776861,583
-2.5,27.5406326806479,0.761465514812917,0.762963506093574,584
-5.5,24.5406326806479,0.734528077759068,0.752908812329583,584
6.5,-6.43100143747282,0.890888405526856,0.897718679665444,585
9,-3.93100143747282,0.909382671880187,0.912902671231205,585
36,68.0152893677529,1.73221967400407,1.73623593957781,586
32.5,64.5152893677529,1.57167927542847,1.58476240825046,586
30.25,62.2652893677529,1.47419320779624,1.4869567661326,586
29.5,60.6362425066865,1.33934339639792,1.34344891691726,587
33.75,64.8862425066865,1.47859455290493,1.48429660037396,587
32,63.1362425066865,1.42077615126284,1.4263004954212,587
43.75,73.3313425685037,1.57776756528699,1.58651128048107,588
38.75,68.3313425685037,1.47013332110731,1.46671200625505,588
41.25,70.8313425685037,1.53163383013173,1.52661164336806,588
38.25,67.8313425685037,1.45493379886549,1.45473207883245,588
44.25,73.8313425685037,1.59330417916894,1.59849120790367,588
40.5,70.0813425685037,1.51579772475058,1.50864175223416,588
8.75,-5.84649724816396,0.904478911216637,0.905961712668653,589
6.5,-8.09649724816396,0.881604866684288,0.892066357700498,589
22.25,-1.73050007054948,1.07280898517804,1.07720434471977,590
21.75,-2.23050007054948,1.07581165470631,1.06535636598285,590
20.75,-3.23050007054948,1.03213092237145,1.04252571492069,590
23.25,-0.730500070549478,1.1243556344217,1.10159296666698,590
21.75,31.6428613898554,1.11141522501421,1.11217345946158,591
24,33.8928613898554,1.22674987680835,1.20553023674106,591
18,27.8928613898554,0.974261827164773,0.975760075661314,591
19.25,29.1428613898554,1.02421255088035,1.0183596524223,591
1.75,14.0944478933718,0.857743357465056,0.863960308027435,592
-1.75,10.5944478933718,0.853574208996554,0.848885451554331,592
-2,10.3444478933718,0.853313538013151,0.847888236214909,592
-4.5,7.84444789337183,0.849069389892326,0.838452166356744,592
2.75,15.0944478933718,0.877728846979982,0.86867902487373,592
0,12.3444478933718,0.838952775252275,0.856155921275193,592
30,66.3701123855586,1.26271269186695,1.25776400758442,593
30,66.3701123855586,1.26271269186695,1.25776400758442,593
39.25,68.929938712988,1.5147612048721,1.4985346033942,594
34.5,64.179938712988,1.39076826268751,1.38011640853596,594
40,69.679938712988,1.50929770389438,1.51723221310866,594
36.5,66.179938712988,1.43847169157709,1.42997670110785,594
38.5,68.179938712988,1.47685351259336,1.47983699367974,594
0.5,1.16873361570055,0.867975621430562,0.883164345811808,595
1.75,2.41873361570055,0.880490173478265,0.888510521061279,595
-4.75,-4.08126638429945,0.865188917101649,0.863180408682802,595
1.75,17.6019503127873,0.852806813744968,0.840207233167288,596
3,18.8519503127873,0.845754191152387,0.846297066711674,596
33.75,42.8602481386426,1.28578209262818,1.28232234059157,597
38.75,47.8602481386426,1.38131207448766,1.38049868011182,597
33,42.1102481386426,1.28107179854163,1.26759588966353,597
16.5,31.9306051196147,0.974976984694417,0.967273069176954,598
10.75,26.1806051196147,0.920627999066411,0.909418116427666,598
17.25,32.6806051196147,0.964349279184902,0.977094336673295,598
41.75,81.1650081101216,1.66629954273234,1.66307730877527,599
38.5,77.9150081101216,1.56697027637236,1.56758495580832,599
39.75,79.1650081101216,1.57610753381441,1.60431278387253,599
19.25,22.1635843092166,0.998453443739882,1.01238417233504,600
21.75,24.6635843092166,1.0719227790015,1.07311008315609,600
25.25,28.1635843092166,1.16756549332707,1.16974878827541,600
13.75,34.1123956946429,0.877630272816196,0.889524156196045,601
7.75,28.1123956946429,0.851070262170313,0.833531189407273,601
7.75,28.1123956946429,0.851070262170313,0.833531189407273,601
10.25,30.6123956946429,0.858887467595895,0.852611199617367,601
11.75,32.1123956946429,0.876515023644164,0.866534052750345,601
13.5,33.8623956946429,0.87614927322639,0.886297452428754,601
44,67.6444427028642,1.55225168673318,1.54438078348074,602
42.25,65.8944427028642,1.50270236604917,1.50579355027831,602
14.25,-4.49424183589998,0.972574344466488,0.970042873324841,603
17.5,-1.24424183589998,0.999076247009507,0.990891704990066,603
16,-2.74424183589998,0.984420980055232,0.980980070967266,603
4.75,14.8870846334843,0.873359592484291,0.882463648920715,604
0.5,10.6370846334843,0.86835447574131,0.862051315858035,604
2.5,12.6370846334843,0.876335464945855,0.871136824310522,604
2.25,12.3870846334843,0.862298926254412,0.869954738854769,604
40.25,50.3947507609293,1.36096764214574,1.35665598899118,605
44,54.1447507609293,1.41157333155368,1.42095471295284,605
42.25,66.9065740300437,1.92731543990485,1.91040016802047,606
45,69.6565740300437,1.93438362053725,1.92518453179128,606
-6.75,31.21408873956,0.81692387300406,0.811721367556923,607
-8.25,29.71408873956,0.808460174163922,0.806890443294492,607
26,44.9208045198165,1.28416517743188,1.29535239955749,608
23.75,42.6708045198165,1.20712777085945,1.19967830946546,608
25.5,44.4208045198165,1.27107470562836,1.27409149064815,608
30.25,49.1708045198165,1.48974926011261,1.47607012528688,608
43.25,68.0764369252093,1.58450191809219,1.58049756265857,609
42.75,67.5764369252093,1.56956767019533,1.568395588929,609
41.5,66.3264369252093,1.53706523668199,1.53814065460505,609
10.5,23.0732053719603,0.852902339715216,0.858176064373563,610
10.75,23.3232053719603,0.857627266420124,0.860401439344288,610
-0.5,17.6461673050229,0.831992300633146,0.834428728306394,611
0.5,18.6461673050229,0.833981926997965,0.83873629686147,611
-2,16.1461673050229,0.832470714691278,0.828286402025932,611
0.5,18.6461673050229,0.833981926997965,0.83873629686147,611
-4.5,-20.9295590466451,0.873282449936541,0.874760953252127,612
-5,-21.4295590466451,0.872967281087331,0.873056495447915,612
-1.5,-17.9295590466451,0.888660149776943,0.885567976699731,612
30.25,12.9095024751401,1.09640495459569,1.09764647423906,613
31.75,14.4095024751401,1.11023658666789,1.11153340992641,613
30.25,26.0845855505573,1.43290801431522,1.41768399420883,614
31.25,27.0845855505573,1.46449762418463,1.45512527845519,614
27.5,43.3825294330205,1.31709817917733,1.31703033591266,615
25.25,41.1325294330205,1.24048683871432,1.23219232006207,615
25,40.8825294330205,1.21110277858905,1.22276587385644,615
38,33.3566315236003,1.31627284901909,1.31259104286897,616
37,32.3566315236003,1.29803300974153,1.29573114403379,616
35,30.3566315236003,1.26341994955556,1.26201134636343,616
40.25,35.6066315236003,1.35848689511686,1.35052581524811,616
20.75,34.5458286451316,1.00806677117341,1.03031614738636,617
14.5,28.2958286451316,0.946784379631947,0.948545996601675,617
13.75,27.5458286451316,0.94670048731976,0.941223779812308,617
20,33.7958286451316,1.02338466430429,1.01892954021665,617
18,31.7958286451316,0.996483371822498,0.988793098702517,617
4,7.47335778313547,0.825325931931581,0.839538471901493,618
5,8.47335778313547,0.841838953372348,0.845027010697329,618
23.25,26.3610143116368,1.04998481360371,1.06078233309976,619
21,24.1110143116368,1.03423465354621,1.02935829502364,619
6.5,6.03758196398577,0.878943342342657,0.892321016187342,620
12.25,11.7875819639858,0.935035750441054,0.931903339208799,620
11.5,11.0375819639858,0.907735110077698,0.925920834975724,620
9,8.53758196398577,0.887425323838673,0.90786213851875,620
38.5,70.1135190595129,1.9261047294585,1.92407579070575,621
37.75,69.3635190595129,1.91349070576005,1.91971037951517,621
19.5,14.7597420366084,1.01824549294538,1.00932112693847,622
19,14.2597420366084,0.995811954606437,1.00363667124663,622
38,47.744397993286,1.88321921405199,1.88423399478025,623
39.25,48.994397993286,1.90573412414671,1.89819121835884,623
41.75,37.9564044228764,1.50380907396432,1.51750011133028,624
37.25,33.4564044228764,1.40669800358863,1.41381641947419,624
39.5,35.7064044228764,1.47184135478907,1.46565826540224,624
38,34.2064044228764,1.42456364350506,1.43109703478354,624
6.5,9.1174352034977,0.886719590981604,0.899938964772807,625
5.25,7.8674352034977,0.900263563848233,0.893131399033352,625
4.75,7.3674352034977,0.878675450138075,0.890513859940201,625
-6.25,29.7701680505702,0.737119235666079,0.738827085801574,626
-9.25,26.7701680505702,0.709003182773841,0.730527541890023,626
-7.75,28.2701680505702,0.74418524861445,0.734565281424838,626
2.5,30.2609595733572,0.784819200416415,0.792752855493814,627
-1.75,26.0109595733572,0.772171398710094,0.774864940646974,627
1.75,29.5109595733572,0.778630271534105,0.789277018932553,627
-0.75,27.0109595733572,0.777818703460739,0.778696869906877,627
-2.25,25.5109595733572,0.761931612461152,0.773019280492884,627
17,44.1811816019782,0.965531215707887,0.955714526253365,628
17.5,44.6811816019782,0.970056637919484,0.966379355980148,628
33.25,4.32315915128389,1.10845945055333,1.09871654510207,629
34.25,5.32315915128389,1.10610257177824,1.10609662904592,629
31.75,17.5478540726939,1.19595534408661,1.20955633413879,630
33.25,19.0478540726939,1.22326279000567,1.23511822172248,630
27.5,45.6351181224915,1.14623388208679,1.15228512818588,631
26.25,44.3851181224915,1.12932192389469,1.12885330735184,631
11.25,36.5719554250684,0.887096179771137,0.886204390048768,632
9.5,34.8219554250684,0.858609820375559,0.871294197087151,632
43.25,61.6150138045536,1.5883523941005,1.59439215164221,633
43,61.3650138045536,1.57930886239302,1.58819911490156,633
4,36.9507042125086,0.788521040385638,0.80996897198878,634
1.25,34.2007042125086,0.799746272399382,0.796761662870213,634
6,38.9507042125086,0.815288977614464,0.821176494196264,634
17.5,25.9745644241492,0.984363749704877,0.986699678995817,635
18,26.4745644241492,0.991796040474046,0.991615410762831,635
18.5,26.9745644241492,1.0028273647052,0.996648880784372,635
17.25,25.7245644241492,0.993692655105484,0.984289773170528,635
16.5,24.9745644241492,0.980858505282589,0.977253397640228,635
21.25,18.5355283612494,1.04224215998639,1.03324834698042,636
21,18.2855283612494,1.02563909822836,1.02983722893953,636
19.75,17.0355283612494,1.00422566973958,1.01334670640079,636
20,17.2855283612494,1.01124270514384,1.01655898821027,636
19.5,16.7855283612494,1.00334554891162,1.01017930024533,636
36,53.8745497682171,1.38147961340283,1.38905504249823,637
32.25,50.1245497682171,1.30553965057283,1.30177125365804,637
38.25,56.1245497682171,1.45065585134483,1.44142531580233,637
23,22.978350973599,1.16716851453339,1.16229912878579,638
27.5,27.478350973599,1.36000543552717,1.34780766653789,638
26.75,3.88627963181874,1.17584528922909,1.16927692734315,639
29.25,6.38627963181874,1.23193976804453,1.22605656195447,639
37.5,61.8223113041174,1.38721612229175,1.38041867495575,640
42.5,66.8223113041174,1.48270337917764,1.4851456700073,640
36.75,61.0723113041174,1.36829329813535,1.36470962569801,640
39.75,64.0723113041174,1.4390754249298,1.42754582272894,640
41.5,65.8223113041174,1.46082271738903,1.46420027099699,640
12.75,41.9100261602121,0.884239942002002,0.87418647675595,641
11.25,40.4100261602121,0.874028352227325,0.858570004950882,641
16.5,45.6600261602121,0.938498656080948,0.932802054826624,641
10.75,39.9100261602121,0.862875084781428,0.853916278745009,641
42,62.9719266357087,1.42472749247949,1.43062840972467,642
37.5,58.4719266357087,1.34277458223078,1.34492699337466,642
38.5,59.4719266357087,1.37309304681637,1.36397175256355,642
-0.25,-4.58873491464283,0.815916582358458,0.814028308092052,643
-2.5,-6.83873491464283,0.801619063797277,0.80497700836945,643
-6.25,-10.5887349146428,0.799779343484541,0.791645347782617,643
-6.5,15.7979622563766,0.775309836379672,0.776430412254671,644
-8,14.2979622563766,0.792153065043416,0.771806544184733,644
-8.25,14.0479622563766,0.759647689226073,0.771057525584075,644
-6.75,-16.1367819373268,0.819215996036342,0.806394457771822,645
-8.25,-17.6367819373268,0.817548057948693,0.801598196968461,645
-7,-16.3867819373268,0.819940818273966,0.805579404362162,645
-10.75,-20.1367819373268,0.815083480214368,0.794069684360346,645
-6.75,-16.1367819373268,0.819215996036342,0.806394457771822,645
35.25,65.4933745984661,1.48861472687219,1.47574803655311,646
41.25,71.4933745984661,1.65599517884221,1.65337338957497,646
37.75,67.9933745984661,1.56060333101868,1.54975860031222,646
-0.25,12.2526586951221,0.792638336352209,0.806600072551109,647
3,15.5026586951221,0.81206884823402,0.82153038034983,647
26.25,25.6796477511504,1.26533461237855,1.27028806101481,648
25,24.4296477511504,1.23183291197835,1.22309072166699,648
41,54.1335666991613,1.76825798148342,1.78165607937167,649
41,54.1335666991613,1.76825798148342,1.78165607937167,649
44.75,43.7575910900055,1.37455070962514,1.36846730668503,650
46.25,45.2575910900055,1.39147420625464,1.39040080618991,650
44.5,43.5075910900055,1.38086950826991,1.36481172343421,650
45.25,73.3141077848206,1.63954669551123,1.64387071480204,651
45,73.0641077848206,1.63701304079116,1.63767829893538,651
42.25,70.3141077848206,1.56522752587216,1.56956172440215,651
42.25,70.3141077848206,1.56522752587216,1.56956172440215,651
41.75,69.8141077848206,1.57448290231085,1.55717689266883,651
40.5,48.7633069363526,1.48789531302374,1.49923064686028,652
43.25,51.5133069363526,1.56469978159615,1.56392769983871,652
42.5,59.7581453728631,1.76709399847857,1.75817308841151,653
41,58.2581453728631,1.71635474762429,1.71131373803391,653
47.75,65.0081453728631,1.88506933775901,1.86660127456271,653
46.5,63.7581453728631,1.85182039786493,1.84924115594795,653
9,32.5303452145817,0.909793137287293,0.902151319083373,654
11,34.5303452145817,0.937238327711649,0.916841313377811,654
11.25,34.7803452145817,0.919821946262318,0.918819635902597,654
49.5,70.5756763444184,1.60081613784751,1.60829752325851,655
43.75,64.8256763444184,1.48464188713208,1.49226016942853,655
48.5,69.5756763444184,1.58320944621619,1.58811711389678,655
11,8.84295100541061,0.89746178077433,0.894595995082779,656
14.5,12.3429510054106,0.925789955477082,0.930788397597658,656
-4.5,-24.0399058891966,0.829289318378498,0.828842416983422,657
-8.5,-28.0399058891966,0.808635621210545,0.815346786807029,657
2.25,-5.47047160029935,0.909006164040969,0.917692768716069,658
2.75,-4.97047160029935,0.930494078226047,0.919634188663779,658
5.25,-2.47047160029935,0.91407410201175,0.9297557910212,658
3,-4.72047160029935,0.92634442439299,0.920615025982814,658
32.75,40.4548660913949,1.53352870497003,1.53905797977101,659
31.75,39.4548660913949,1.49228036604353,1.49963160785833,659
34.5,42.2048660913949,1.59896966178649,1.6080541306182,659
4.5,20.7468082031682,0.85085978718217,0.844414554385435,660
-2,14.2468082031682,0.824471709736366,0.814297913545783,660
-0.5,15.7468082031682,0.821214255952764,0.820442319356015,660
40,65.6774289853614,1.90658690623105,1.90747662620703,661
42,67.6774289853614,1.90891485878827,1.9200353233975,661
41.5,67.1774289853614,1.92516307957204,1.91723367383595,661
35,55.7230537198785,1.55353641792865,1.54233508162581,662
33,53.7230537198785,1.48196435695913,1.47400708719032,662
32,52.7230537198785,1.46138835689356,1.43984308997258,662
26.75,42.0728387248262,1.13107578582731,1.11491866447438,663
20.5,35.8228387248262,1.02828340434712,1.0230033799615,663
-3.25,-2.1729053455386,0.775648361049382,0.796516858562177,664
-2,-0.922905345538604,0.800062386028141,0.801256830214153,664
-2.25,-1.1729053455386,0.799836235212816,0.80029006736142,664
0,1.0770946544614,0.806549762038261,0.809369932276532,664
-6.25,-5.1729053455386,0.776044015620397,0.786049637383027,664
-1.5,-0.422905345538604,0.784240875447435,0.803219162215366,664
24,32.3718728580625,1.07022822476561,1.08173995091713,665
25.75,34.1218728580625,1.10681322589463,1.11191201902554,665
27.75,36.1218728580625,1.16105412927275,1.14708388957163,665
0.5,47.9492355503023,0.777437363609369,0.773569426166209,666
-0.25,47.1992355503023,0.773885618031414,0.770552186715407,666
2,8.47446576412616,0.855289361239504,0.860647785506621,667
-2.5,3.97446576412616,0.845665263622633,0.841359462237174,667
-6,25.7702456289406,0.786625009636146,0.781522491509535,668
-5.75,26.0202456289406,0.777271019140224,0.782346266950615,668
-0.5,31.2702456289406,0.79090755615377,0.801814858207042,668
3.75,20.3240984364377,0.818140170392481,0.807799418763336,669
6.5,23.0740984364377,0.823110987568542,0.823335866076325,669
9,25.5740984364377,0.827079553515169,0.840411061333085,669
5.25,21.8240984364377,0.816066022354787,0.815894555375838,669
8.5,21.9379195382001,0.920668365924859,0.899817227802023,670
10.5,23.9379195382001,0.923423258778412,0.913956434735007,670
42.25,63.3269945257867,1.93353844296682,1.93607009264994,671
41,62.0769945257867,1.94823307874847,1.93144591725246,671
38,59.0769945257867,1.91787961964777,1.91558892551418,671
8.75,21.5909185647215,0.896214715274896,0.906121155832397,672
12.75,25.5909185647215,0.93457254188321,0.9360005028286,672
9.5,22.3409185647215,0.901631264397423,0.911179362592508,672
8.5,21.3409185647215,0.901946632474646,0.904485615344041,672
4,14.3231441556041,0.894693725002859,0.890262844712037,673
5.25,15.5731441556041,0.884096024182828,0.896605533167597,673
8.25,18.5731441556041,0.909639697148699,0.913452605756979,673
3,17.0488612484273,0.85038203281673,0.851736701618575,674
5.25,19.2988612484273,0.863190067292975,0.863758780796256,674
36.75,32.4372017606483,1.31710396357949,1.31663588027546,675
38,33.6872017606483,1.34147584080383,1.33946441868569,675
36.5,32.1872017606483,1.30351439220463,1.31207017259341,675
18.5,37.286207058407,0.970091958685801,0.98832341481696,676
22,40.786207058407,1.14453883827044,1.1389284474909,676
11.5,30.8543471660507,0.921694835782771,0.923092273441625,677
7.75,27.1043471660507,0.910669025012737,0.89651685795605,677
8.25,27.6043471660507,0.896838421658931,0.899702407679202,677
1.75,45.273906216152,0.822864605969471,0.809815143329899,678
1.25,44.773906216152,0.81315517545092,0.807533438053685,678
5.5,49.023906216152,0.828104902256052,0.829330277206972,678
5.25,48.773906216152,0.831678047136498,0.827886282489526,678
34.5,38.5350664635805,1.25271219368522,1.26334567651755,679
34.5,38.5350664635805,1.25271219368522,1.26334567651755,679
19.75,56.6726341163526,1.00831228926689,1.02236862876213,680
21.5,58.4226341163526,1.04257034701279,1.06302721703324,680
33.25,40.3960582175052,1.24941637520753,1.25471221506256,681
33,40.1460582175052,1.23023819522046,1.25011191647661,681
28.25,35.3960582175052,1.15714472188531,1.16270849405066,681
27.5,34.6460582175052,1.15572063919695,1.14891488803998,681
26.75,24.6130575133367,1.26191293133489,1.26570076112354,682
28.5,26.3630575133367,1.3377674479132,1.32663335402168,682
3.75,5.6481511603609,0.839241615752903,0.829661889439999,683
3,4.8981511603609,0.835076316407883,0.82581145444183,683
3.25,5.1481511603609,0.812540861776895,0.82707787451949,683
13,13.8633047275052,0.901483919798896,0.905165952751957,684
12.75,13.6133047275052,0.895580062569709,0.902457172332523,684
0.25,13.7615890034012,0.854597499259692,0.873551961290924,685
-0.75,12.7615890034012,0.869866822226141,0.869413742522934,685
5.75,19.2615890034012,0.89336771540461,0.899651207338494,685
21.25,43.8943107625766,1.04042468110934,1.04026206599888,686
18.5,41.1443107625766,0.984238196114757,0.995208882037512,686
-7,26.0461749964325,0.746153728699127,0.740959870961718,687
-1.75,31.2961749964325,0.781675262751254,0.757823883746888,687
32.5,35.1064329070497,1.15488128860742,1.15969488982318,688
30.75,33.3564329070497,1.15850856610718,1.13793746137378,688
23.75,73.2421907304294,1.21471536951931,1.21629414863784,689
18.75,68.2421907304294,1.00870443167468,1,689
18.75,68.2421907304294,1.00870443167468,1,689
43.25,57.6921687530672,1.74437532263734,1.74598805013586,690
36.75,51.1921687530672,1.55925879091863,1.54555708321186,690
41.75,56.1921687530672,1.71347117180673,1.70059886533164,690
13.25,29.0886862455179,0.8695297258631,0.875542842641935,691
13,28.8386862455179,0.872048864398055,0.872504145479635,691
15.5,9.73847527642967,0.964483157269258,0.973344430999945,692
15,9.23847527642967,0.974599608071945,0.969649679571959,692
26,57.4429940999294,1.58556984411859,1.58705155286344,693
28.75,60.1929940999294,1.80373852124902,1.80303556735267,693
23.25,49.2164804725849,1.23344054885218,1.21018397462565,694
22.75,48.7164804725849,1.17966118010681,1.18539537239322,694
19,44.9664804725849,1.00800333904917,1.01239430111621,694
-4.5,31.0804953457231,0.764185309165409,0.771342933911531,695
-4,31.5804953457231,0.773388920781557,0.773041141321763,695
15,5.58924364966998,0.960115548399718,0.971445353502808,696
12.75,3.33924364966998,0.949658169630608,0.956546788741337,696
38.25,35.2086528963687,1.29341703900669,1.29906583985933,697
36.75,33.7086528963687,1.28689076066021,1.27514806361354,697
32.25,29.2086528963687,1.21187257110696,1.20339473487616,697
18.5,51.5177933575585,0.979977765561972,0.991584375581606,698
15.5,48.5177933575585,0.930293942755975,0.93370503855947,698
34.75,19.8020077756214,1.36813105867963,1.36613238769266,699
36.75,21.8020077756214,1.41122680865725,1.41345772028419,699
43.75,33.2023103145773,1.71465637246664,1.70690681325129,700
44.5,33.9523103145773,1.72357765751059,1.72815121988646,700
20.5,43.4192447307742,1.05226102250568,1.06319206491387,701
23,45.9192447307742,1.16247589141726,1.16550757521982,701
19.25,42.1692447307742,1.02881391695135,1.01852591669591,701
-5.5,-19.8371135920287,0.814478326835526,0.815693659366178,702
-6,-20.3371135920287,0.83547889789427,0.813972433326926,702
23.5,22.2894897341666,1.10911110930065,1.12098292654982,703
21,19.7894897341666,1.04447774817584,1.05380743471758,703
-9.75,11.0446843385646,0.754450932372665,0.761713672337834,704
-9.5,11.2946843385646,0.75453509064596,0.762422560842204,704
-6.75,14.0446843385646,0.766720019178412,0.770626806353675,704
14,34.5424784410074,0.958035065993387,0.944576086158694,705
14,34.5424784410074,0.958035065993387,0.944576086158694,705
17.5,38.0424784410074,0.991750213894232,0.982719493826845,705
23.75,51.960494009265,1.17572495423826,1.18685728652242,706
26.25,54.460494009265,1.29124908057051,1.28674215321907,706
27.75,62.8818510370574,1.581744018109,1.58187924759906,707
26,61.1318510370574,1.47821391455105,1.46625891492236,707
46.75,52.1052535362337,1.38626282600063,1.38404314055734,708
41.5,46.8552535362337,1.31453467622001,1.30985099653591,708
26,35.3415410059383,1.09204785399374,1.09713188972276,709
24.25,33.5915410059383,1.07905292045348,1.07190438438586,709
25.75,35.0915410059383,1.08716692100445,1.09348601043359,709
21.5,30.8415410059383,1.05191163566395,1.03445257727932,709
21.75,31.0915410059383,1.03896629825962,1.03771082043152,709
25,33.3149219098565,1.12959609183219,1.11405814683289,710
29.75,38.0649219098565,1.22175059157525,1.20973027364614,710
32,40.3149219098565,1.25042394626727,1.25513533614998,710
2.5,-11.0340703213427,0.943624127013374,0.909062820600544,711
1.25,-12.2840703213427,0.895667581229751,0.903989107203645,711
-1.25,-14.7840703213427,0.893452215890192,0.894440317139323,711
-4.25,-17.7840703213427,0.892854094216042,0.8838550823515,711
-4.25,-17.7840703213427,0.892854094216042,0.8838550823515,711
0.5,-13.0340703213427,0.903381030788043,0.901043519485045,711
28.75,36.7988781964334,1.4277709234378,1.43071229900038,712
28,36.0488781964334,1.3950338026734,1.39743898889919,712
47.25,65.6758713188525,1.95425881421739,1.94241149756821,713
43.25,61.6758713188525,1.92947684767326,1.93014678272549,713
46.75,65.1758713188525,1.94210518976819,1.94116014162737,713
48.25,66.6758713188525,1.95689290636351,1.94479659005047,713
18,36.9469825831829,0.98771359283222,0.976278720854584,714
22,40.9469825831829,1.10598665490827,1.11931421703776,714
20,38.9469825831829,1.0456607096057,1.04299147322492,714
20.25,39.1969825831829,1.03434290515875,1.05187486539025,714
18.25,37.1969825831829,0.988743357225196,0.982902024818842,714
21,39.9469825831829,1.09356042112813,1.07986448022141,714
46,53.3563518718462,1.50749205342647,1.50360599033567,715
42.75,50.1063518718462,1.43970257604204,1.44209345819682,715
5.5,22.9964195407512,0.840856325152423,0.831873076640511,716
3.25,20.7464195407512,0.831424132322088,0.819629978467619,716
0.25,17.7464195407512,0.805784393861452,0.805632457575922,716
-10,39.7621437251991,0.763722686556496,0.773591025981064,717
-10.25,39.5121437251991,0.768866480805351,0.772883360534439,717
-7,42.7621437251991,0.79602357553577,0.782594951288406,717
43.5,89.232326250486,1.95362177504942,1.9514799470696,718
41.75,87.482326250486,1.95417051168895,1.94736629698611,718
15,44.4872316502217,0.929814135213565,0.941319426936553,719
11.5,40.9872316502217,0.885942105409364,0.904519993841031,719
17.5,46.9872316502217,0.967880688371392,0.976806106153811,719
42.75,42.0375378655214,1.76508420793482,1.75928512750636,720
38.25,37.5375378655214,1.61199021245616,1.61630702411424,720
35.5,34.7875378655214,1.51343722614391,1.52758700502101,720
42.5,41.7875378655214,1.74063798497954,1.7518336223511,720
16,30.2291611992271,0.921772887049531,0.929441860144791,721
11.25,25.4791611992271,0.87890354535422,0.866991915083952,721
13.25,27.4791611992271,0.889982882874424,0.888407054383397,721
14.5,33.3255615139041,0.942972620909232,0.940100710899667,722
14.5,33.3255615139041,0.942972620909232,0.940100710899667,722
25.25,32.5087654129307,1.18817378350579,1.19437380066705,723
28.5,35.7587654129307,1.30569256730798,1.29795439991276,723
26.5,33.7587654129307,1.21540392215229,1.23421249268463,723
37.75,59.9655898941565,1.21652380442256,1.22909871104925,724
33,55.2155898941565,1.16125106739421,1.16896400481739,724
34.5,56.7155898941565,1.21303571879027,1.1879536003354,724
35.75,57.9655898941565,1.20281757066084,1.20377864291765,724
35,57.2155898941565,1.20625570222556,1.1942836173683,724
-9.5,-5.66295561134326,0.831204805146011,0.830395693097029,725
-10,-6.16295561134326,0.817247232962912,0.82887964362488,725
-7.75,-3.26930236246662,0.840248690097133,0.831904885711189,726
-2.75,1.73069763753338,0.853793667863517,0.849435053050232,726
-4.5,-0.01930236246662,0.866068393319886,0.842926292462546,726
-8.25,11.5471801475913,0.78304800427866,0.777730818385217,727
-9,10.7971801475913,0.767797756196224,0.775501300906874,727
14,29.0434859677077,0.915480189726803,0.901482564140787,728
21,36.0434859677077,1.07949182582383,1.08084236091044,728
11.5,33.1630224642993,0.886885029852215,0.890489876303808,729
15.5,37.1630224642993,0.939959170793131,0.937472333833488,729
0.75,15.6851691737676,0.811747340927691,0.809693486123019,730
-0.5,14.4351691737676,0.808790836168787,0.804363564201303,730
-1.75,13.1851691737676,0.792855878694927,0.799329634991637,730
-3,11.9351691737676,0.784820634388192,0.794546445212225,730
7.25,18.7323244502157,0.832788781862019,0.833749114749228,731
7.25,18.7323244502157,0.832788781862019,0.833749114749228,731
6.5,17.9823244502157,0.841330715063536,0.828965255324867,731
39.5,58.7797996103418,1.27404036668689,1.28590792012605,732
43.5,62.7797996103418,1.34042097607018,1.34327379990377,732
45.25,64.5297996103418,1.3636815696285,1.36837137230652,732
48.25,72.2291598733797,1.56992720550018,1.56409954569741,733
49,72.9791598733797,1.57259277286244,1.5787511946151,733
20.75,2.20104555424475,1.00627171936384,1.01820330863707,734
24.25,5.70104555424475,1.06148692337191,1.0518065383864,734
24.25,5.70104555424475,1.06148692337191,1.0518065383864,734
-2.25,24.5052527875365,0.810589679356009,0.807122472708142,735
-1.5,25.2552527875365,0.797117983371494,0.810071135195896,735
17.75,20.2590630031747,0.991176097860119,0.985086900949319,736
23,25.5090630031747,1.06508540914478,1.06944778441265,736
17.25,19.7590630031747,0.974873326574222,0.978598144788238,736
36,37.9702093892484,1.29754322186378,1.27573878843876,737
39.25,41.2202093892484,1.32426992638825,1.32993996581393,737
42.25,44.2202093892484,1.37811189950399,1.37997182185255,737
39.25,47.4727785124188,1.27631115360348,1.28324667124819,738
42.5,50.7227785124188,1.32995510598936,1.33000391318845,738
38.5,46.7227785124188,1.27906919972523,1.27245653849274,738
0.75,-5.34765765623135,0.878528872694865,0.879548093769744,739
2.25,-3.84765765623135,0.89099764955389,0.88615382079386,739
-4.25,5.53709129206502,0.864328266274718,0.849117949369837,740
-2.25,7.53709129206502,0.864258038582421,0.856633884892486,740
-1.75,8.03709129206502,0.856152492784642,0.85859787199751,740
-3.5,6.28709129206502,0.840266626682961,0.851873986138379,740
-2.5,7.28709129206502,0.870586465604054,0.855664906838775,740
21.5,15.4640142891276,1.02306718862112,1.03059367568959,741
19.25,13.2140142891276,1.01661002082785,1.00591941977307,741
24,17.9640142891276,1.06708573466906,1.06044640415956,741
24.5,18.4640142891276,1.06766689713283,1.06666347828536,741
-7.5,-14.5429648988672,0.789730071086192,0.788891569209271,742
-7.5,-14.5429648988672,0.789730071086192,0.788891569209271,742
-6.25,-13.2929648988672,0.785410141169585,0.792950008561858,742
-3.5,30.6956080784047,0.798326731639103,0.794659913419221,743
-8,26.1956080784047,0.778575201475475,0.779580132321733,743
-3.5,30.6956080784047,0.798326731639103,0.794659913419221,743
4,2.90289560003699,0.865232128640387,0.882880793735076,744
-2,-3.09710439996301,0.869797147747923,0.856204433454926,744
-6,0.0206808979431301,0.779215201582633,0.784374997700486,745
-2.5,3.52068089794313,0.787721532033701,0.796795393352485,745
-3.75,2.27068089794313,0.79337276063012,0.792155202453741,745
-3.5,2.52068089794313,0.78330965901617,0.79306445810637,745
-6,5.90003275663378,0.798792788637053,0.788700328632016,746
-4.25,7.65003275663378,0.800737159131065,0.794728748999372,746
-7,4.90003275663378,0.779796962225023,0.785433550387713,746
-7.25,4.65003275663378,0.788704821274173,0.784636319186453,746
-4.5,7.40003275663378,0.790542256944776,0.793842480525216,746
-1.75,23.3391707960829,0.836440982619936,0.835881437437987,747
-4.5,20.5891707960829,0.832924299747366,0.82543827855495,747
-3.5,21.5891707960829,0.822773915087887,0.829118263808485,747
46,65.2582267913053,1.57062090845868,1.55163552450197,748
42.25,61.5082267913053,1.48768875234505,1.47403169250526,748
43.25,62.5082267913053,1.50548789352733,1.49472604770438,748
48.25,67.5082267913053,1.6027729153844,1.59819782369999,748
44,63.2582267913053,1.52499208136774,1.51024681410372,748
12.25,15.8658367660833,0.899312205453953,0.914778665105203,749
16.75,20.3658367660833,0.956786225124001,0.966877129825516,749
-2.25,3.98705168305083,0.801043983188649,0.804036074539077,750
2.5,8.73705168305083,0.820917712677326,0.824649436027958,750
3.5,9.73705168305083,0.819474595181041,0.829680655481312,750
3,9.23705168305083,0.829766453875452,0.827132114141874,750
32,13.1433472297896,1.31647582112791,1.32499071315408,751
30.5,11.6433472297896,1.28845307612043,1.28677654877075,751
35.25,16.3933472297896,1.40081610757021,1.40778806931795,751
32.25,13.3933472297896,1.32903010396579,1.3313597405513,751
44.25,65.2074399106853,1.49137995741666,1.47449384688023,752
43.25,64.2074399106853,1.46389598567026,1.45540917914071,752
14.75,34.2687979651866,0.913258891213943,0.913266295630109,753
15,34.5187979651866,0.909578915977732,0.917017757553024,753
18.25,37.7687979651866,0.981715630620244,0.983090196226651,753
17.75,37.2687979651866,0.960070031281552,0.970265280872336,753
17.25,14.4903017846876,0.963964673578488,0.962509141450624,754
17.25,14.4903017846876,0.963964673578488,0.962509141450624,754
17.75,14.9903017846876,0.970894462677414,0.973254629942078,754
25,47.5269342613801,1.38315555446197,1.399406878083,755
21.5,44.0269342613801,1.15354562652111,1.16860645449573,755
41.25,62.6021453730648,1.88482074900386,1.88177855898221,756
39.5,60.8521453730648,1.85190603618169,1.85556483644112,756
22.75,53.6585128011471,1.20925405129539,1.20442913584131,757
22,52.9085128011471,1.16831462321089,1.16368675001768,757
30.5,46.5407417213449,1.17723788235987,1.18441629439557,758
34.75,50.7907417213449,1.25515963910985,1.25544156474595,758
-2,-23.6712068559245,0.902138889063192,0.901041507446711,759
-5,-26.6712068559245,0.888990426441349,0.891099143273921,759
37.25,39.5798677017469,1.75732836232116,1.76534737221663,760
39.75,42.0798677017469,1.84113835949676,1.83998569446821,760
42.25,44.5798677017469,1.87311664466257,1.88054673382111,760
34.5,32.7951367418148,1.22091556184528,1.21654284848927,761
32,30.2951367418148,1.17663714408998,1.18031426487589,761
32,30.2951367418148,1.17663714408998,1.18031426487589,761
27.75,26.0451367418148,1.14342950867424,1.11884978768168,761
32.5,30.7951367418148,1.19534116411654,1.18755998159857,761
36.25,43.9497476686065,1.56364782896342,1.55226312215187,762
34.25,41.9497476686065,1.48080957536182,1.48768456913075,762
40.5,48.1997476686065,1.70224502916143,1.68947259836813,762
39,46.6997476686065,1.64002279717234,1.6410586325559,762
40.75,48.4497476686065,1.69011890976943,1.6975276280151,762
40.5,48.1997476686065,1.70224502916143,1.68947259836813,762
3.25,34.8485426190346,0.828715599234382,0.83166754148259,763
1.25,32.8485426190346,0.825884845830924,0.821990629011427,763
3.5,35.0985426190346,0.836843202102519,0.832946860523548,763
28.5,35.3158001535516,1.17175940066591,1.16306465352883,764
33.75,40.5658001535516,1.24416978132779,1.25736495854638,764
31.25,38.0658001535516,1.22949882372881,1.21245905156585,764
29.25,36.0658001535516,1.17927187906303,1.17653432598144,764
29,35.8158001535516,1.18762216746515,1.17204390394526,764
32.75,39.5658001535516,1.24999024855374,1.23940259575417,764
14.75,10.3430880377038,0.920239873423672,0.924183286810948,765
13.25,8.84308803770383,0.90912980743338,0.905382409681294,765
16.5,12.0930880377038,0.940948759956035,0.951272777549573,765
17.75,13.3430880377038,0.97019916683761,0.975199582955071,765
15,10.5930880377038,0.941100145251364,0.927660352806828,765
-4,32.4741948454073,0.796954953343344,0.799069643873293,766
-2.75,33.7241948454073,0.802575271686727,0.803676730965482,766
27,57.3718274311874,1.2096223995149,1.20277679133766,767
28.75,59.1218274311874,1.25587005156154,1.24846115226684,767
34.5,49.5188593976124,1.22178439317505,1.22640519364313,768
37.25,52.2688593976124,1.26243642900241,1.26799207265908,768
40.25,55.2688593976124,1.2931388071716,1.31335957704012,768
35.25,50.2688593976124,1.24324728440091,1.23774706973839,768
39.75,54.7688593976124,1.29828086412298,1.30579832630994,768
35.5,50.5188593976124,1.23020843353756,1.24152769510347,768
29,50.2615259642338,1.4410325926576,1.44213008368529,769
28,49.2615259642338,1.38343004128723,1.39773384740854,769
30.5,51.7615259642338,1.50381526329212,1.50872443810041,769
29,50.2615259642338,1.4410325926576,1.44213008368529,769
28.75,50.0115259642338,1.44218539109552,1.4310310246161,769
20.75,-26.409090400306,1.01791957529809,1.00884871826933,770
25,-22.159090400306,1.0188941416486,1.02799889894625,770
22.25,-24.909090400306,1.00380588730127,1.01547175990021,770
19.5,-27.659090400306,0.998152703802085,1.00344619741652,770
26.75,-20.409090400306,1.03566265352186,1.03618370685652,770
-0.5,21.94642580028,0.832873811320463,0.840876938324319,771
2,24.44642580028,0.860529457505553,0.852114213579002,771
27.25,39.3969161083962,1.27879315455735,1.26851929426909,772
29,41.1469161083962,1.32255905623877,1.32644053464647,772
29,41.1469161083962,1.32255905623877,1.32644053464647,772
27,39.1469161083962,1.26405995287816,1.26024483135804,772
19,36.6335035075905,1.00613953487008,1.00625333844396,773
20,37.6335035075905,1.03636026390756,1.02610752369483,773
19.75,22.8161647497717,1.02618620881486,1.01328068162682,774
18.25,21.3161647497717,0.983823781309088,0.993090126770715,774
12.5,0.54887307060401,0.961548820251219,0.955637252937056,775
15.5,3.54887307060401,0.973064280405489,0.97534211469599,775
0.75,-0.28065577283434,0.844253568075782,0.808624908972502,776
-3.25,-4.28065577283434,0.797976870826769,0.792563570402516,776
-2.5,-3.53065577283434,0.808654713348362,0.795372801107672,776
22.5,38.1583542924018,1.1925840326809,1.18529760438289,777
22.75,38.4083542924018,1.19062800454582,1.19851051995335,777
20,36.9117442412259,1.03915068816401,1.05169271123601,778
22,38.9117442412259,1.15030871441594,1.14443983548896,778
-2.25,-1.87629728721774,0.797213768618122,0.794426574540981,779
3.75,4.12370271278226,0.817358710540405,0.821098301362919,779
1.75,2.12370271278226,0.839116425105075,0.811223253838644,779
-1.75,-1.37629728721774,0.81105396170477,0.796366437518372,779
4.75,5.12370271278226,0.828319062997151,0.82649573024302,779
28.25,35.1671992957979,1.36395554310599,1.36579478687591,780
29.5,36.4171992957979,1.43854088958848,1.41562471553177,780
27,33.9171992957979,1.30641935213233,1.31596485822005,780
30,36.9171992957979,1.44006228707758,1.43555668699412,780
24.75,40.131280237263,1.30030331657441,1.31100059946793,781
26,41.381280237263,1.38114987051346,1.37847754400819,781
23,38.381280237263,1.20706287628667,1.21653287711157,781
20.75,36.131280237263,1.08711109701859,1.09583405273037,781
24.75,48.4310054536587,1.16553845039864,1.17731090648793,782
24.75,48.4310054536587,1.16553845039864,1.17731090648793,782
27,50.6810054536587,1.26374279743457,1.24859540598925,782
-11.5,18.7976325926469,0.740402585577311,0.748063135180857,783
-6.75,23.5476325926469,0.74662060906945,0.761477202877376,783
41.25,49.5456027613601,1.78479511567737,1.77800078131103,784
42,50.2956027613601,1.79601777975346,1.79935763079895,784
10.25,20.1491614400519,0.927016112554161,0.907858603565478,785
16,25.8991614400519,0.95533695215541,0.962352367671258,785
14,23.8991614400519,0.934502567222168,0.94055920073583,785
7.25,4.08338778533669,0.832711358349489,0.84123729661685,786
13,9.83338778533669,0.90190631605283,0.890958433388522,786
13.5,10.3333877853367,0.878686218184584,0.896894600286058,786
42.25,43.7068302887329,1.66848245688832,1.65652558168892,787
47.5,48.9568302887329,1.79106610186276,1.79711144193643,787
41.75,43.2068302887329,1.64007364130222,1.64228698978169,787
47,48.4568302887329,1.78236700624248,1.78569600203743,787
40.25,25.6205678407544,1.1973349791705,1.21650596431136,788
33.5,18.8705678407544,1.14154094012578,1.14506251326912,788
36.75,22.1205678407544,1.18682963270463,1.17945577209136,788
33.25,18.6205678407544,1.15397227289139,1.14241829450796,788
37.25,22.6205678407544,1.18389179753966,1.18474865669422,788
37.25,22.6205678407544,1.18389179753966,1.18474865669422,788
37.5,60.6205298218789,1.91678701717992,1.91129614511387,789
42.5,65.6205298218789,1.96800904618398,1.93647322984708,789
40.25,63.3705298218789,1.93442935425939,1.92761872042297,789
32.25,31.8706310322509,1.17559840102671,1.17074309266721,790
32,31.6206310322509,1.1527787961142,1.16736750720541,790
29,28.6206310322509,1.13840267986333,1.12692100066036,790
43.5,60.2457953429887,1.49819215938149,1.49821371283945,791
40.75,57.4957953429887,1.44165201917842,1.44149207385204,791
44.25,60.9957953429887,1.50170461676518,1.51368325074511,791
43,59.7457953429887,1.4904760275235,1.48790068756901,791
44.5,61.2457953429887,1.51100314978379,1.51883976338033,791
27.25,37.3736457173295,1.32591153612751,1.33672037280794,792
25.75,35.8736457173295,1.27984546730439,1.27502055273681,792
23.25,33.3736457173295,1.18845685434251,1.17218792036456,792
13.5,14.2973211287842,0.94474248778814,0.944056305647883,793
15.25,16.0473211287842,0.967052228181747,0.960287998239178,793
16.5,47.641907645567,0.950846723150204,0.95590320359739,794
17.25,48.391907645567,0.958397635756564,0.968633007728276,794
17.25,48.391907645567,0.958397635756564,0.968633007728276,794
20,51.141907645567,1.01924164029226,1.03030003336469,794
32,34.0438958082944,1.43520166736655,1.4351187199756,795
28.25,30.2938958082944,1.29427108395981,1.30834282588726,795
32,64.8010388135984,1.29873189720008,1.29603799482677,796
31,63.8010388135984,1.26634161624033,1.27275582241073,796
8,15.3451230883934,0.868221551286101,0.862698557596604,797
7.75,15.0951230883934,0.87735588062345,0.86098036973325,797
10,17.3451230883934,0.876655339210818,0.877721942041914,797
46.75,55.8100448548913,1.90759056378251,1.8882656489868,798
46.75,55.8100448548913,1.90759056378251,1.8882656489868,798
9.75,-5.13748919938631,0.941977601242716,0.946430549256063,799
14,-0.887489199386312,0.96025550627077,0.96957239972372,799
9.75,-5.13748919938631,0.941977601242716,0.946430549256063,799
12.75,36.7408749285456,0.910735228738544,0.917633495993385,800
13,36.9908749285456,0.922414652948072,0.920133994265391,800
8,31.9908749285456,0.891495400971029,0.878834426878398,800
11.25,35.2408749285456,0.905736019776854,0.903728750829553,800
7.5,31.4908749285456,0.871654759112328,0.87549160078115,800
20.75,27.0802142058065,1.07282564997167,1.05908697893592,801
23.25,29.5802142058065,1.15371874687005,1.14254133092059,801
41.25,64.5607983933259,1.4407778274048,1.44210626570046,802
41,64.3107983933259,1.42447836056261,1.43705784948635,802
43.5,66.8107983933259,1.478649661433,1.48754201162738,802
46.75,51.1713698857568,1.558060055697,1.56942285365815,803
46.75,51.1713698857568,1.558060055697,1.56942285365815,803
-12,7.28623251011712,0.752286199746287,0.748326710228706,804
-6,13.2862325101171,0.746255509447755,0.765446369167631,804
24,25.1020322723773,1.12069018025548,1.10770763275693,805
21.25,22.3520322723773,1.05748357020425,1.04830698621034,805
37.5,55.8690360932973,1.41028892779266,1.41083326005775,806
31.5,49.8690360932973,1.28811547532714,1.2753947005344,806
33.5,51.8690360932973,1.30836860440381,1.32054088704218,806
26.75,15.7852145290056,1.17640057518734,1.1914588182325,807
29.25,18.2852145290056,1.24038438893868,1.2552175382831,807
27.25,16.2852145290056,1.20102164766849,1.20421056224262,807
46.25,70.9617663037233,1.94778142659647,1.93998417514244,808
41.25,65.9617663037233,1.90504610897273,1.92098159941618,808
46.25,70.9617663037233,1.94778142659647,1.93998417514244,808
42.75,67.4617663037233,1.91521266211356,1.92823691004113,808
45.75,70.4617663037233,1.94868655133082,1.93864958905609,808
30.25,37.7439580124382,1.47088515523001,1.48028553802577,809
29.25,36.7439580124382,1.44656709815817,1.43739672533245,809
30.25,37.7439580124382,1.47088515523001,1.48028553802577,809
29,36.4939580124382,1.43536582913674,1.42667452215912,809
-0.75,9.92180871246487,0.785489070880539,0.789295508995934,810
-0.5,10.1718087124649,0.78475614991929,0.790315259246685,810
-2.75,23.5024463177391,0.775827825375715,0.768653341910312,811
-1.25,25.0024463177391,0.765691908571145,0.774185269028007,811
-0.5,25.7524463177391,0.765082708640949,0.777090575044755,811
2,28.2524463177391,0.78053015655742,0.787741787766553,811
34.5,44.0809709976183,1.23285078415984,1.22581084898903,812
34.25,43.8309709976183,1.22415874194613,1.22203973747596,812
31,30.0979212763957,1.15740665457596,1.16750220042074,813
34.75,33.8479212763957,1.21317780044426,1.22236338609665,813
35.25,34.3479212763957,1.21425275856355,1.22967831312325,813
33,32.0979212763957,1.195378409432,1.19676114150358,813
34,33.0979212763957,1.22629939934218,1.21139099555676,813
36.25,35.3479212763957,1.25786759079704,1.24430816717644,813
3,-3.37557344560973,0.814205181605907,0.827282643578896,814
9.75,3.37442655439027,0.871535042161002,0.869832561189771,814
20,11.0325103913919,1.02564186983364,1.02377141354852,815
16.5,7.53251039139187,0.970562892799138,0.963836662234317,815
15.5,6.53251039139187,0.937163286140789,0.950701798444434,815
7.75,18.8691295542065,0.8990397470106,0.912923086953891,816
11,22.1191295542065,0.947503480088192,0.933398042398419,816
11.75,22.8691295542065,0.92804043135314,0.938630516380069,816
10.75,21.8691295542065,0.926673038139827,0.93170052274167,816
12.25,23.3691295542065,0.946788415166667,0.942238627938334,816
6.75,17.8691295542065,0.917318565062001,0.907246576524481,816
-6,-0.465047677375219,0.844550806010087,0.838780225007297,817
-9.5,-3.96504767737522,0.839234641226401,0.827516900855298,817
-6.75,-1.21504767737522,0.850272048021268,0.836265817894579,817
12.25,20.2979602609012,0.910424105387402,0.892446222441032,818
11.25,19.2979602609012,0.912125873553939,0.882655853938868,818
7,15.0479602609012,0.860257916849343,0.849828452588847,818
7.5,15.5479602609012,0.864872568679707,0.853141763240329,818
18.75,24.921908789572,1.01065378663367,1,819
22,28.171908789572,1.06045543185533,1.04447051740746,819
18.75,24.921908789572,1.01065378663367,1,819
20.5,36.4348218710254,1.06469329262397,1.06249255132434,820
26,41.9348218710254,1.28202138938841,1.2883126720567,820
-4.75,41.339987018915,0.760929566779223,0.772368937307205,821
-5.5,40.589987018915,0.774676145710979,0.769898240031944,821
-5.75,40.339987018915,0.757850881963199,0.769089262190678,821
34,26.2222990755728,1.4002489876298,1.40885073844498,822
30,22.2222990755728,1.31057018648903,1.29829106476661,822
36.25,28.4722990755728,1.47648973828702,1.47104055488907,822
31.25,23.4722990755728,1.3292444856765,1.3328409627911,822
36.5,59.265444288011,1.90627331278249,1.89557350684463,823
39.75,62.515444288011,1.94124721568155,1.9208191771309,823
36.25,62.5139146177685,1.75161524884056,1.75709564634173,824
38.25,64.5139146177685,1.81871431549853,1.82505161865878,824
9.25,31.1141303492733,0.886620476183509,0.896824062969199,825
8.75,30.6141303492733,0.90882672085961,0.893297893532452,825
14,35.8641303492733,0.951228055898638,0.937767392492184,825
33.5,56.9163046985365,1.38357842350403,1.35623496584517,826
36.75,60.1663046985365,1.45026493573311,1.43749017990889,826
23.25,48.2378529876927,1.15671498216883,1.1707782214335,827
29.25,54.2378529876927,1.41081118727543,1.41570022785074,827
27.25,52.2378529876927,1.33281242188139,1.33405928075978,827
-1.25,39.3743069281736,0.827596207587595,0.81478177537692,828
-0.75,39.8743069281736,0.834628462888572,0.816847843712223,828
-4,36.6243069281736,0.800374522568629,0.804257767308273,828
-6,34.6243069281736,0.775890137007717,0.797304746698787,828
-0.25,40.3743069281736,0.834565791799716,0.818963934335634,828
-0.75,39.8743069281736,0.834628462888572,0.816847843712223,828
40.5,36.434632780215,1.28511285807597,1.29419306054113,829
40.25,36.184632780215,1.30921291888202,1.29067774886885,829
38.75,34.684632780215,1.26678401229781,1.26958587883518,829
37.75,33.684632780215,1.25900139707502,1.25552463214606,829
4.75,4.19099061526915,0.882213900448982,0.883808114259934,830
5.75,5.19099061526915,0.908551537131035,0.889239948376564,830
2.5,1.94099061526915,0.858290655584304,0.872512417743967,830
9,8.44099061526915,0.90602547482467,0.908956466467624,830
5.25,4.69099061526915,0.889402624407349,0.886490945912012,830
33.25,43.3514792855128,1.56972808581388,1.55719742372999,831
34.75,44.8514792855128,1.6199259348843,1.61617407649089,831
-3.5,-3.43520047256846,0.803149843828302,0.804601955190445,832
-7.5,-7.43520047256846,0.790782457342559,0.790930450632923,832
-4.25,13.7459437485991,0.822748123719679,0.836139306642935,833
-3.75,14.2459437485991,0.825155904472262,0.837963499463571,833
-1.5,16.4959437485991,0.835451006096077,0.846666902297425,833
-0.5,17.4959437485991,0.85614110480963,0.850808960659649,833
-1.5,16.4959437485991,0.835451006096077,0.846666902297425,833
-6,13.5484163803302,0.784977046427926,0.770839273406238,834
-6.25,13.2984163803302,0.777474821598965,0.770042793972003,834
-3.75,15.7984163803302,0.787921640289918,0.7783478253969,834
-4.5,15.0484163803302,0.770496412418243,0.7757663171043,834
-9,10.5484163803302,0.76546233993807,0.761721047748134,834
32,49.8632730609129,1.27716617633141,1.27995930976005,835
32,49.8632730609129,1.27716617633141,1.27995930976005,835
30.5,48.3632730609129,1.24874008305598,1.24686442383602,835
34.75,9.24543993356614,1.45122916639693,1.45875234808913,836
40.25,14.7454399335661,1.63180047859417,1.62082014096706,836
40,14.4954399335661,1.62225874197856,1.61345342310897,836
36.5,10.9954399335661,1.49787061078,1.51031937309574,836
35.25,9.74543993356614,1.4752156718416,1.4734857838053,836
37,11.4954399335661,1.52158720623856,1.52505280881192,836
-5,-1.84135322516374,0.826845614022256,0.817406942464147,837
-6.75,-3.59135322516374,0.808143174040259,0.811410803417779,837
40.25,40.0752535182082,1.28850563760116,1.27426628380161,838
37.5,37.3252535182082,1.23981505567938,1.23771022117422,838
20.75,46.1100762820389,1.05271564059138,1.04685167470726,839
20,45.3600762820389,1.04276918327172,1.02899639679469,839
21.5,46.8600762820389,1.07276093557061,1.06572081086715,839
3.5,-15.4774456444204,0.901657631237674,0.905774673648093,840
7,-11.9774456444204,0.896254328550319,0.922507845709037,840
2.25,31.8911014798575,0.800939053974414,0.786835969789093,841
5.5,35.1411014798575,0.795945917268595,0.803440199642494,841
18.75,70.5073062625359,0.989095748376135,1,842
17.25,69.0073062625359,0.95961000400272,0.960022751290056,842
29.5,59.3171020795222,1.29832717770642,1.30454257445491,843
32.5,62.3171020795222,1.39314879168603,1.39308069867952,843
18.75,53.623111644418,0.989998771848948,1,844
20,54.873111644418,1.01051591718032,1.03653224659744,844
23.75,58.623111644418,1.14847289193681,1.16082861919566,844
17.75,52.623111644418,0.984196975825908,0.973869790627664,844
19,53.873111644418,1.01660277623798,1.00868349300186,844
0.25,13.638803337601,0.842187076520947,0.835607305790017,845
-2.75,10.638803337601,0.818166174366417,0.823296124038666,845
38,48.0718728872037,1.29736721957169,1.28015049086162,846
38.25,48.3218728872037,1.27826640774422,1.28394179185666,846
15.75,35.0222443978775,0.933970731687206,0.929901697543603,847
15.75,35.0222443978775,0.933970731687206,0.929901697543603,847
12.25,31.5222443978775,0.889123160812908,0.883149792984723,847
26,8.28779240280798,1.13910765512415,1.15368686606508,848
20.25,2.53779240280798,1.0386074412066,1.02865032755778,848
2,11.4499726720565,0.874776980892321,0.877159678062655,849
4.25,13.6999726720565,0.892130959699633,0.888007942509775,849
-4.5,-1.40697844421268,0.870248654716649,0.881732153795313,850
-4.5,-1.40697844421268,0.870248654716649,0.881732153795313,850
-7.5,-4.40697844421268,0.857343117201893,0.872028817201821,850
-4,-0.906978444212685,0.884323281174553,0.883431042418473,850
-6,-2.90697844421268,0.860519466675486,0.876777459263054,850
13.75,30.1825504391992,0.920349258633197,0.900493719557979,851
15.25,31.6825504391992,0.931302404431072,0.921739174753475,851
33.5,8.25427406668427,1.29592649253624,1.2838422772994,852
33.75,8.50427406668427,1.27547933702048,1.2888606293174,852
15.25,21.4505995077877,0.976748201148603,0.963579302885854,853
20,26.2005995077877,1.02858318248258,1.01521428530337,853
17.75,23.9505995077877,0.987757770234253,0.9882285342784,853
17.75,23.9505995077877,0.987757770234253,0.9882285342784,853
11,32.0753586672261,0.857980714823003,0.863442327292724,854
12.75,33.8253586672261,0.887985555089482,0.881328922595552,854
-1.75,5.3118228698247,0.830062190979203,0.853048873516403,855
-1.75,5.3118228698247,0.830062190979203,0.853048873516403,855
-1.25,5.8118228698247,0.867022592761192,0.855065950574226,855
31,41.7895192464665,1.19207509385717,1.18492549313869,856
27.5,38.2895192464665,1.12757196911864,1.1287572489128,856
31.75,42.5395192464665,1.18389321747353,1.19697469918754,856
-5.25,1.01415347646923,0.806494881695252,0.809971120090434,857
0,6.26415347646923,0.834651918592437,0.830376114001707,857
5,33.0244583054471,0.823169473010494,0.81537376013747,858
9,37.0244583054471,0.8466420545099,0.841313646127414,858
27.25,13.9313326657425,1.19397005611221,1.18349251164724,859
33.25,19.9313326657425,1.31039314542934,1.32179732066631,859
-1,7.6668278945429,0.89164675676654,0.883735557499445,860
0,8.6668278945429,0.887385032318259,0.887685500210751,860
-3,5.6668278945429,0.865509617452201,0.876217554014035,860
1,9.6668278945429,0.870047014121956,0.891768468577413,860
1,9.6668278945429,0.870047014121956,0.891768468577413,860
0.75,9.4168278945429,0.903528940415431,0.890735012869523,860
26.25,49.8155331132939,1.55548740795364,1.52609802002996,861
27.25,50.8155331132939,1.60352359110393,1.5979208453741,861
-8.75,-21.2549841534083,0.848714999759385,0.842930934366948,862
-9,-21.5049841534083,0.838579388040632,0.842156411216304,862
-8.75,-21.2549841534083,0.848714999759385,0.842930934366948,862
24.25,32.8055310880935,1.18164364693774,1.1861566553021,863
22.25,30.8055310880935,1.10516674574296,1.11400602094634,863
8.75,20.7440953155778,0.854601383826707,0.862056397693498,864
7,18.9940953155778,0.84907566357992,0.849911178004086,864
5.75,2.9100180661906,0.86052271183231,0.855344822746095,865
2.5,-0.339981933809398,0.826536936165594,0.8378348262987,865
1.75,-1.0899819338094,0.839743980365486,0.83425621446685,865
41,47.366143254993,1.52542684445606,1.5116639014433,866
47.5,53.866143254993,1.66683403622458,1.66478040105325,866
41,80.3222491442733,1.56721583694132,1.56073710993788,867
40.75,80.0722491442733,1.55479549720683,1.55429534074333,867
35.25,74.5722491442733,1.40652258665408,1.4125764184631,867
35,74.3222491442733,1.41578618278139,1.40613464926855,867
-6.5,-24.291536767751,0.825478636130743,0.826813594654427,868
-3,-20.791536767751,0.828210850575336,0.839300945538649,868
-3.25,16.6442619758134,0.827809040998871,0.825278688706047,869
-9.25,10.6442619758134,0.811730240243395,0.804935074634093,869
2,3.19705899871694,0.823784323452659,0.829718629576776,870
-3.5,-2.30294100128306,0.814770417252131,0.806639378050351,870
-1.5,-0.30294100128306,0.814523293354099,0.814343599053432,870
-1,0.19705899871694,0.815381465312776,0.8163867207205,870
8.75,15.1765208793971,0.906451014362951,0.90264117238275,871
7.5,13.9265208793971,0.902455677470758,0.894595913072558,871
-1.5,14.4472519578913,0.832654734666533,0.84809109178459,872
-1.75,14.1972519578913,0.83627495870366,0.847082935884394,872
-5.25,10.6972519578913,0.826190809214387,0.834005951761437,872
-4,11.9472519578913,0.832808190197084,0.838464953764869,872
-7.25,8.69725195789125,0.844888554763219,0.827229981618009,872
4.5,-0.524318801713688,0.889427200506004,0.892277179882858,873
3.75,-1.27431880171369,0.885954928308507,0.8885429706829,873
3.25,-1.77431880171369,0.898152495822801,0.886118065093161,873
38.5,30.8163241521989,1.36792111366717,1.36444360622948,874
35.5,27.8163241521989,1.29045235293663,1.30723738401728,874
41,33.3163241521989,1.40390873754255,1.41211545807298,874
42,38.1698560891996,1.21886027206536,1.21590668637432,875
44.75,40.9198560891996,1.24594082282799,1.24273558100327,875
46,62.5310398392985,1.67446911506017,1.68538725599767,876
42,58.5310398392985,1.58054678408553,1.58294602954894,876
20.5,21.2082203058844,1.01650977537523,1.02468110136168,877
26.75,27.4582203058844,1.1104634593451,1.12388257018946,877
16.25,6.88892549228682,0.963345989701016,0.965690260665664,878
12.75,3.38892549228682,0.924747457446868,0.929233455217169,878
-6,-5.95512007372548,0.832418568221613,0.835608993665527,879
-6,-5.95512007372548,0.832418568221613,0.835608993665527,879
-2.5,-2.45512007372548,0.873683032769745,0.848320344133457,879
34.25,52.3331931205322,1.41248341777257,1.41425613575743,880
32.5,50.5831931205322,1.36468782753815,1.36605652986242,880
33.25,51.3331931205322,1.39153150354248,1.38671350381742,880
36,54.0831931205322,1.46964770336907,1.46245574165244,880
2.25,12.4309644589867,0.845524056019895,0.835922964042862,881
7.25,17.4309644589867,0.866675607723346,0.863972573123911,881
-2,19.3971108324656,0.76769758401843,0.764947489282304,882
-3.25,18.1471108324656,0.776552052040103,0.760494791942532,882
42,50.1469895786494,1.29811761327809,1.28740764642703,883
46.25,54.3969895786494,1.35323157212971,1.34204171607723,883
47.5,55.6469895786494,1.35759572606696,1.358110560092,883
49,57.1469895786494,1.38251280719754,1.37739317290972,883
21,19.300151527294,1.07431643336782,1.06638760673824,884
16,14.300151527294,0.9589861107851,0.940922995855156,884
15.5,31.7874120435664,0.964323949683691,0.946632431782675,885
11.75,28.0374120435664,0.894320685057907,0.905274459974151,885
43.5,35.5482034167558,1.54146893134157,1.53628954625316,886
46,38.0482034167558,1.58657500910746,1.59171133760477,886
49.25,41.2982034167558,1.64360218528541,1.66375966636186,886
46.25,38.2982034167558,1.59143433803471,1.59725351673993,886
42.75,34.7982034167558,1.52478953087235,1.51966300884768,886
16.75,43.6783114078661,0.91771285536947,0.93763524397934,887
12.75,39.6783114078661,0.860148143124194,0.873209806852112,887
18,44.9283114078661,0.964234851588155,0.970952110005943,887
14.5,41.4283114078661,0.878748635253486,0.896083439238547,887
14.25,41.1783114078661,0.886594555173348,0.892450872514712,887
17.5,44.4283114078661,0.938711960080832,0.956457995298615,887
7.75,3.5996132529844,0.920685471815769,0.909340136975916,888
13.25,9.0996132529844,0.947236278795093,0.947254706173883,888
-2.75,20.8973854580121,0.763518661943485,0.766568671256912,889
-4.75,18.8973854580121,0.765257582818236,0.759724897880797,889
-2.25,21.3973854580121,0.77728306852045,0.768371296988181,889
20,72.7932930176707,1.07445154104319,1.08109213467108,890
22.75,75.5432930176707,1.29009803817373,1.28181260383088,890
21.75,74.5432930176707,1.23417627237135,1.20822979139209,890
40.75,28.6525224734371,1.21572037792454,1.21927967269788,891
47,34.9025224734371,1.2848250007808,1.28471851117816,891
44.75,32.6525224734371,1.24879386256154,1.26116052932526,891
-5.75,-11.2184936182729,0.780044547550488,0.78398625142035,892
-7,-12.4684936182729,0.783190417097803,0.779933833892637,892
-5.5,-10.9684936182729,0.780923553061285,0.784822161380353,892
-4.75,-10.2184936182729,0.784643347023407,0.787382342337637,892
-8.75,34.8106125697338,0.738145719116575,0.744643228822362,893
-4,39.5606125697338,0.773475861695825,0.759056781890192,893
18.5,41.1004821777522,0.990300929551902,0.991966880977941,894
14.25,36.8504821777522,0.929846996292087,0.918601891628748,894
3.75,0.972326790044978,0.854432734806786,0.874165720598919,895
9.75,6.97232679004498,0.908118467318253,0.910163795982808,895
13.75,9.81452622656036,0.974104105128097,0.955515435057563,896
13.75,9.81452622656036,0.974104105128097,0.955515435057563,896
40.25,47.1882815103955,1.55723194770885,1.56149968556216,897
41.5,48.4382815103955,1.5718162757598,1.59487838261248,897
15.75,15.9103122946123,0.973365191339039,0.96727925670866,898
20.5,20.6603122946123,1.02535446150403,1.02195493599337,898
21.75,21.9103122946123,1.039513234683,1.03810755026378,898
24.25,58.8632928398025,1.16155540558572,1.16500274301224,899
22.25,56.8632928398025,1.08864852567076,1.10081974215506,899
20.25,54.8632928398025,1.0516235155867,1.04081835535768,899
2.5,27.739777624141,0.872654528553912,0.861417679965444,900
3,28.239777624141,0.853111587380228,0.863861793346212,900
2.5,27.739777624141,0.872654528553912,0.861417679965444,900
6.25,31.489777624141,0.879497980296193,0.88139474206565,900
11.25,-11.0905630034415,0.940145328242362,0.933431448767261,901
11.75,-10.5905630034415,0.937163833296894,0.937005535473402,901
13,-9.34056300344147,0.945463594583431,0.946392427111456,901
16.25,26.1005916772304,0.933266862481559,0.918744569614152,902
18,27.8505916772304,0.961905404105966,0.966682673744628,902
40,69.9353090786154,1.55968144293852,1.56183466984959,903
37.5,67.4353090786154,1.504073904862,1.49425046090637,903
13.75,40.6740417995483,0.931419451885675,0.926030974619888,904
18.25,45.1740417995483,1.01094190996238,0.989283716397461,904
20,47.5548033640321,1.07251249939632,1.07506019304897,905
23,50.5548033640321,1.2689904767227,1.27865523556301,905
29.5,39.722981619443,1.21947066205575,1.22072429417363,906
32.25,42.472981619443,1.28406819122132,1.28034872101888,906
32.25,42.472981619443,1.28406819122132,1.28034872101888,906
38.75,31.7283994830109,1.21076210701027,1.21242825551494,907
39.75,32.7283994830109,1.2202721962278,1.2236095581574,907
36.75,29.7283994830109,1.19206550259291,1.19006565023001,907
7,24.3019834981116,0.824079713067614,0.830286252061261,908
9.25,26.5519834981116,0.832542594489283,0.846149766858408,908
9,26.3019834981116,0.850762715350452,0.84422029191721,908
3.75,21.0519834981116,0.809578000493138,0.81150425238914,908
8,25.3019834981116,0.83340549426399,0.836951613075767,908
-3.5,-23.0852325787962,0.8228358365485,0.83838399434465,909
-2.5,-22.0852325787962,0.835951350536768,0.842188765088371,909
-7.25,-26.8352325787962,0.830982259694682,0.825289317452064,909
-6.25,-25.8352325787962,0.819639615050337,0.828629281543521,909
-5.5,-25.0852325787962,0.821202418055843,0.831204434716893,909
-7.25,-26.8352325787962,0.830982259694682,0.825289317452064,909
16.25,25.3872939285193,0.965363695616069,0.965901589239163,910
15.25,24.3872939285193,0.950705739710148,0.95448066820917,910
42.5,64.4597899968466,1.53193843001022,1.52737409507921,911
45.25,67.2097899968466,1.60028503606753,1.58987676284553,911
43.5,65.4597899968466,1.50688233787376,1.55010233790332,911
40,61.9597899968466,1.4985645007399,1.47055348801892,911
40.25,62.2097899968466,1.47432217246907,1.47623554872495,911
41.75,63.7097899968466,1.51617045807694,1.51032791296112,911
-4.5,-21.9767161574546,0.844387018684427,0.824004772096137,912
-11.25,-28.7267161574546,0.805503955136741,0.802330408748082,912
9.75,23.4831253312276,0.92780416230266,0.926543621612625,913
4,17.7331253312276,0.915286797464931,0.894667701198157,913
12,48.6352306059613,0.920608580523561,0.909342224589791,914
12.25,48.8852306059613,0.897835096777763,0.91169745528783,914
13,49.6352306059613,0.926976995004722,0.919087493060138,914
4,25.794719857113,0.775402376305622,0.800051331659499,915
7.25,29.044719857113,0.815420832971862,0.818796768044955,915
2.5,24.294719857113,0.792232066173377,0.792643502641058,915
3,24.794719857113,0.799790228858902,0.795043433975942,915
8,-3.88587736137993,0.877434442131145,0.878807590386796,916
11.75,-0.135877361379935,0.906634235655608,0.908137800890852,916
7.5,-4.38587736137993,0.890840373463225,0.87546461915567,916
8,-3.88587736137993,0.877434442131145,0.878807590386796,916
9.5,-2.38587736137993,0.883885803911706,0.88957261458135,916
27.25,47.6516399649027,1.34659570842425,1.33273459308496,917
24,44.4016399649027,1.18775016226877,1.20057431427719,917
28.5,48.9016399649027,1.3652181415204,1.38356546954948,917
26.25,46.6516399649027,1.28337966488491,1.29206989191334,917
29.5,49.9016399649027,1.43890092455579,1.4242301707211,917
8.75,26.5398112962509,0.839016093422107,0.850941201500813,918
4,21.7898112962509,0.817174860287844,0.821281985443635,918
5.25,23.0398112962509,0.827950475857136,0.828181874839594,918
7,24.7898112962509,0.844127644612428,0.838778503706117,918
-5,11.1725331882311,0.853968230717372,0.865496284126237,919
-9,7.17253318823114,0.870110281499872,0.852524629299989,919
-8.5,7.67253318823114,0.847547273820552,0.854068872348383,919
-8.5,7.67253318823114,0.847547273820552,0.854068872348383,919
-7.25,8.92253318823114,0.85221654717571,0.858023996462455,919
25,49.5381913036501,1.29770248520944,1.30744122130973,920
24.75,49.2881913036501,1.28875821272541,1.2946270656412,920
23,47.5381913036501,1.19653115313732,1.20492797596148,920
27,51.5381913036501,1.41266866865428,1.40995446665799,920
28,29.1786425897615,1.34437082840391,1.36411896004055,921
28.5,29.6786425897615,1.38074029310413,1.38449917653788,921
26,27.1786425897615,1.29510856414017,1.28259809405123,921
22.5,23.6786425897615,1.13466915663092,1.13996800870011,921
-3.25,26.2471585548871,0.75701059046911,0.779371188092453,922
-5,24.4971585548871,0.773283405193607,0.773357551749729,922
-9.5,19.9971585548871,0.754635917077452,0.759566347540989,922
6,-8.5578376765178,0.851810706831539,0.874825836112364,923
10.75,-3.8078376765178,0.912241519151265,0.907393449163481,923
10,-4.5578376765178,0.89593534324311,0.901529089427991,923
20.25,11.5685292748018,1.04302711819984,1.03865150590708,924
18.25,9.56852927480181,0.987869273054243,0.98692640989765,924
17,8.31852927480181,0.969004145032397,0.962463212452994,924
21.25,12.5685292748018,1.0712979716101,1.0660834776038,924
32.75,70.0685412145435,1.92271301201122,1.9224151453418,925
29,66.3185412145435,1.86317484553237,1.8733628587475,925
26,63.3185412145435,1.68711901725645,1.68103993486179,925
20.25,26.2835963217175,1.02686989632174,1.03714908966229,926
14,20.0335963217175,0.90173391710186,0.920050715186424,926
16.25,22.2835963217175,0.95174663335554,0.951170662266026,926
3,33.3030153335471,0.847494663146481,0.858764180974889,927
-3.25,27.0530153335471,0.824680718189524,0.831699247680275,927
-0.75,29.5530153335471,0.854337487045438,0.841598955111699,927
1.5,31.8030153335471,0.840378013424337,0.851531582213812,927
1.25,31.5530153335471,0.851733401379508,0.850375154027714,927
20.75,31.1529391114879,1.03203519580753,1.03499968617168,928
23.5,33.9029391114879,1.06832092524125,1.08790097561573,928
19.75,30.1529391114879,1.01737955300917,1.01753808937814,928
45,46.004536142931,1.32828436341276,1.31525200495063,929
40.5,41.504536142931,1.27315709440952,1.25925292459086,929
43,62.7838048006656,1.936134609312,1.93610976268748,930
46,65.7838048006656,1.95713312886386,1.94433971168035,930
14.5,27.4440356154867,0.93128811684088,0.940395507957738,931
12.75,25.6940356154867,0.927209215883479,0.922333048642777,931
11.75,24.6940356154867,0.915967639209352,0.913144278119722,931
44.75,60.779628411081,1.91155055876221,1.90248691571827,932
48.25,64.279628411081,1.93275648164992,1.92208441139287,932
-5.5,-6.57136276882119,0.806424256883386,0.797066685874871,933
-4.25,-5.32136276882119,0.795563066491102,0.801430618485118,933
-6.5,-7.57136276882119,0.793069129696947,0.793711961562063,933
7.75,37.1382952621577,0.886819725114694,0.880905238092728,934
11.25,40.6382952621577,0.906921585001577,0.907162449689494,934
13.5,24.1011398671587,0.912804050139881,0.907951500040308,935
14.75,25.3511398671587,0.927470654554987,0.923880956388501,935
10.5,21.1011398671587,0.875964057581286,0.877807839867726,935
14.75,25.3511398671587,0.927470654554987,0.923880956388501,935
11.75,22.3511398671587,0.892066743606965,0.889270799734693,935
14,24.6011398671587,0.891107958879677,0.914035435857861,935
30.75,25.5461410711929,1.39577822915019,1.38731710144213,936
30.75,25.5461410711929,1.39577822915019,1.38731710144213,936
30,24.7961410711929,1.37342941015721,1.36230882612094,936
35.75,30.5461410711929,1.55129602597909,1.55403893691666,936
19.25,39.859451985939,1.02868290099129,1.00826316894535,937
24.5,45.109451985939,1.07929762257216,1.09570515653098,937
16,43.5853900651221,0.90987608980002,0.922424401649275,938
21.25,48.8353900651221,1.11292813106227,1.11274603454252,938
14.5,42.0853900651221,0.900519627415695,0.896869569656414,938
5.75,-0.0462373674544896,0.836899112112167,0.857071256311266,939
0.5,-5.29623736745449,0.820340805794484,0.830284773768437,939
6,0.20376263254551,0.863549088854677,0.858563482521985,939
31.75,25.7451528106352,1.51043233670506,1.50627003943646,940
35,28.9951528106352,1.6243148063491,1.63606567487121,940
-1,29.0768608407686,0.78815443019696,0.78581796619482,941
-1.5,28.5768608407686,0.803748837787621,0.783850705975366,941
-2.5,27.5768608407686,0.763892118186866,0.780062249056712,941
26,19.8646365038355,1.17819364085948,1.18583367502726,942
24.25,18.1146365038355,1.13581452081372,1.1379552018336,942
9.25,6.01218002448849,0.883661243132851,0.889885856189178,943
7.25,4.01218002448849,0.858749765827369,0.876097610154897,943
8.25,5.01218002448849,0.89028117992783,0.882757173616821,943
5.75,2.51218002448849,0.872748567795595,0.86692089122915,943
9,5.76218002448849,0.890948343329239,0.888057936987662,943
10.75,7.51218002448849,0.908446071816263,0.901552778904041,943
26.25,47.5022160814672,1.18615527828289,1.19087943835074,944
25.25,46.5022160814672,1.15931364322824,1.16374639922145,944
25.25,46.5022160814672,1.15931364322824,1.16374639922145,944
4.5,-12.8400866773438,0.88983285857547,0.898750235505928,945
0.5,-16.8400866773438,0.871729147467711,0.880554593042303,945
-5.25,-5.15379382094223,0.779019134018392,0.801788818318357,946
-1,-0.903793820942229,0.808480159484584,0.817781151632817,946
11.5,49.3827313367613,0.905365393193163,0.893800851344339,947
11.25,49.1327313367613,0.88648844544879,0.891508569368166,947
16.25,54.1327313367613,0.950039774590771,0.951294237883092,947
10.5,16.8543874635944,0.914850732393249,0.915354215129883,948
7,13.3543874635944,0.888130697929355,0.891882200314349,948
23.25,18.3764152205682,1.04684602733751,1.04633438756219,949
26.75,21.8764152205682,1.07967717305766,1.08604385278186,949
37.75,38.4094637773349,1.29474134447927,1.28114587153965,950
34.5,35.1594637773349,1.21009356538933,1.23103540075521,950
28,61.7510489058747,1.29554833363472,1.28664797950745,951
26.75,60.5010489058747,1.24953971252854,1.24618189403608,951
27.75,61.5010489058747,1.28043309236553,1.27855476241318,951
29.75,63.5010489058747,1.3584117074402,1.34330049916737,951
25.5,59.2510489058747,1.2158591710686,1.20571580856471,951
22.75,45.8665755326948,1.07647175526965,1.09623182537624,952
21.25,44.3665755326948,1.034546836655,1.05784780539851,952
20.75,43.8665755326948,1.04363986254628,1.04568818912714,952
21.25,44.3665755326948,1.034546836655,1.05784780539851,952
22.25,37.4020439734461,1.1060279481065,1.10456985954628,953
19,34.1520439734461,1.00857945409458,1.0083572882899,953
19.75,34.9020439734461,1.03275791915183,1.02814604727685,953
36.25,46.4337515670045,1.46511888690903,1.45549965305332,954
38.5,48.6837515670045,1.52509592485986,1.51568598113677,954
37.5,47.6837515670045,1.46996531621601,1.48893650198857,954
35,45.1837515670045,1.41366228225783,1.42206280411807,954
35,45.1837515670045,1.41366228225783,1.42206280411807,954
36.5,46.6837515670045,1.45137627411255,1.46218702284037,954
-3.75,1.80728842951126,0.798378427456788,0.808399394097963,955
-6.25,-0.69271157048874,0.807702849036013,0.799702014913169,955
-5.25,0.30728842951126,0.803223572323125,0.80308948333523,955
13.5,12.6389020623762,0.931114110313255,0.935107845442189,956
15.75,14.8889020623762,0.962633634094116,0.959053431269849,956
18.25,17.3889020623762,0.993174112156842,0.991457085831252,956
6.5,28.1307111105058,0.825201770512186,0.832897521251982,957
8.25,29.8807111105058,0.847341237960487,0.84451433973546,957
8,29.6307111105058,0.848495204066809,0.842745084123913,957
10.75,32.3807111105058,0.874283047029808,0.864545977891923,957
42.75,57.7072198968958,1.91224599485532,1.90934353492651,958
41,55.9572198968958,1.90217138311016,1.89555563569492,958
44.75,59.7072198968958,1.92094792353764,1.92070537913908,958
45,59.9572198968958,1.92215490630818,1.92192319749056,958
44.5,40.2281189573244,1.37598084800546,1.37234489474918,959
43.5,39.2281189573244,1.33941150659531,1.35742865057329,959
19,26.9152005841225,1.00891604190077,1.00875979031475,960
19.5,27.4152005841225,1.03529772538459,1.02238010804769,960
17.75,25.6652005841225,0.973666639257942,0.973664318515563,960
16.25,24.1652005841225,0.937304719112073,0.944166145951863,960
20,27.9152005841225,1.03324523075143,1.03686353624845,960
40.75,46.1736855093111,1.29940558284437,1.30438920536259,961
38,43.4236855093111,1.27559308463769,1.26488043889607,961
39.75,45.1736855093111,1.28499350263347,1.29002238119295,961
44.5,49.9236855093111,1.37132718307056,1.35826479599876,961
17,34.4326599925043,0.940200349152745,0.937719845432937,962
12.25,29.6826599925043,0.867133408538556,0.859680617982297,962
16,33.4326599925043,0.916309740096588,0.914738374292434,962
23.5,33.3654655578009,1.15185899391218,1.16750248819494,963
21.5,31.3654655578009,1.11446106891389,1.09231702344925,963
24,33.8654655578009,1.18777119700132,1.1864901538804,963
18.75,28.6154655578009,1.00027008164412,1,963
19.25,29.1154655578009,1.01903346222346,1.01675265374724,963
17.75,31.0624448367086,0.99437424378995,0.984775009597748,964
13,26.3124448367086,0.930572701184818,0.931569128668189,964
18.25,31.5624448367086,0.99182690560816,0.991655876208801,964
1.5,-15.418058045834,0.810767944872647,0.827065383660602,965
4.25,-12.668058045834,0.84358852988501,0.84078678994754,965
5,-11.918058045834,0.847147374814007,0.844936621868029,965
14.75,8.28741752364915,0.924711164514343,0.92798664081921,966
17.75,11.2874175236491,0.970957224149206,0.97681274218176,966
40.25,44.250501672578,1.34250109195163,1.34999846902497,967
37.75,41.750501672578,1.30506120252637,1.30791033596443,967
37.75,41.750501672578,1.30506120252637,1.30791033596443,967
37.25,41.250501672578,1.30567708097798,1.29949270935232,967
35.25,39.250501672578,1.24858780752987,1.26582220290388,967
17.5,38.2406098909943,0.976701627067766,0.965392238312217,968
20.25,40.9906098909943,1.04400748619471,1.04928714316202,968
18.25,38.9906098909943,1.00102411810275,0.983671219438914,968
19.25,39.9906098909943,1.03512273804411,1.01707726866066,968
21.5,42.2406098909943,1.0790002030954,1.0942630067116,968
39.75,50.8915947255427,1.72871811905198,1.74423324520535,969
35,46.1415947255427,1.56925720038834,1.57382198023167,969
38.5,49.6415947255427,1.68730634049122,1.70014424118893,969
36.5,47.6415947255427,1.62981591926152,1.62797870673722,969
10,41.9761179861749,0.870377673730779,0.872722561440024,970
4.25,36.2261179861749,0.81178419134924,0.834645262701282,970
10,41.9761179861749,0.870377673730779,0.872722561440024,970
5.5,37.4761179861749,0.821595321120493,0.841628180399105,970
38.75,20.3243388098668,1.50921606799217,1.49619972991386,971
35.75,17.3243388098668,1.40180703389449,1.41988489767342,971
39.75,21.3243388098668,1.5163691052744,1.52163800732734,971
34.5,16.0743388098668,1.40875546832385,1.38808705090658,971
40.5,22.0743388098668,1.54147690681471,1.54071671538745,971
40.25,21.8243388098668,1.5260018133337,1.53435714603408,971
45,28.6050952531517,1.72776386829451,1.72094795431157,972
44.5,28.1050952531517,1.71853376678563,1.70715975200239,972
40.75,24.3550952531517,1.58387140006352,1.60240763323786,972
45.25,28.8550952531517,1.7284141426302,1.72779357538791,972
48.75,58.5604366654351,1.89009883919014,1.89031312522699,973
46.75,56.5604366654351,1.88482425652525,1.870290101817,973
45.25,55.0604366654351,1.84647214924496,1.84924995395121,973
44.75,54.5604366654351,1.86030130424966,1.84069820781735,973
27,28.1829784027198,1.26704385260832,1.25600981078908,974
28.5,29.6829784027198,1.29465341958781,1.30488522411177,974
36.25,53.647403281338,1.88178068972256,1.8741528641653,975
32.5,49.897403281338,1.77149521156431,1.75216013879905,975
25.5,19.6848309131415,1.16149784486098,1.14385845239891,976
26.75,20.9348309131415,1.16697532289589,1.1727863545953,976
29,23.1848309131415,1.2097038629686,1.2248824115099,976
24.75,18.9348309131415,1.13460673369202,1.12656271207693,976
28.25,22.4348309131415,1.20058736088736,1.20751702282967,976
26.5,20.6848309131415,1.18308965009208,1.16699892546757,976
14.75,33.7754963665151,0.886554088686156,0.895804150561728,977
13.25,32.2754963665151,0.872895185801777,0.874882036587194,977
16,35.0254963665151,0.934702563639057,0.918013314314593,977
14,33.0254963665151,0.877491405956944,0.884737130290703,977
12.5,31.5254963665151,0.848534760625177,0.866106153872023,977
47.5,74.0866678301427,1.46195506249986,1.45924973217771,978
40.75,67.3366678301427,1.3388273869249,1.34862857995352,978
45.5,72.0866678301427,1.43416629191469,1.42647309448165,978
45.25,71.8366678301427,1.42561749195473,1.42237601476965,978
42.75,69.3366678301427,1.38747199959702,1.38140521764958,978
46.5,73.0866678301427,1.43908672844409,1.44286141332968,978
22,-1.69536856099943,1.02441986001646,1.04252125926331,979
23,-0.695368560999434,1.0488522183287,1.05654153666666,979
22,-1.69536856099943,1.02441986001646,1.04252125926331,979
30.25,74.0699583657441,1.82972679982233,1.82265965377491,980
25.75,69.5699583657441,1.50795114388308,1.50899080966675,980
25.25,69.0699583657441,1.46541063963775,1.47174198058057,980
-0.5,12.7633284262269,0.794328110108274,0.795310528758306,981
0.5,13.7633284262269,0.798185373191252,0.799533756486103,981
19,-1.94288881043145,1.00720446385465,1.00527367954355,982
15.25,-5.69288881043145,0.945643808967375,0.950738278107315,982
18,-2.94288881043145,0.971435345227058,0.987106108178055,982
16.75,-4.19288881043145,0.978804604832164,0.969455220463764,982
9,56.6384675790235,0.863644930841208,0.856825197764039,983
7.75,55.3884675790235,0.849518227833062,0.847765844675118,983
17.75,10.5493261735835,0.993360511443117,0.976052339522801,984
17.25,10.0493261735835,0.971592198770978,0.966242079775821,984
15.75,8.54932617358353,0.934513702794778,0.940595641158461,984
16,8.79932617358353,0.942860874919487,0.94451497854721,984
14.5,7.29932617358353,0.930066248680164,0.922857266377694,984
2.25,7.86140644172267,0.884538879200988,0.864213594325612,985
1,6.61140644172267,0.858353196479986,0.858440641505048,985
10.25,48.3912249566586,0.830680192796265,0.833980814077113,986
14,52.1412249566586,0.867274780165406,0.874562705422924,986
11.5,49.6412249566586,0.836107709354931,0.845345038090395,986
8.25,20.9991349716963,0.905330009823526,0.899569125450864,987
10.75,23.4991349716963,0.907888508757662,0.917132853671246,987
11.25,23.9991349716963,0.908365606662131,0.920996745231358,987
6.75,19.4991349716963,0.88890731150424,0.890262586289789,987
40.5,14.17264411339,1.39474917964375,1.39195132880633,988
41,14.67264411339,1.3986972330348,1.40124034198332,988
39.5,13.17264411339,1.36818497748225,1.37337330245234,988
35.5,9.17264411339001,1.30875185178907,1.29906119703638,988
-0.75,8.93438498765087,0.862994643997096,0.858603153334047,989
-0.25,9.43438498765087,0.855161432077273,0.860693252273154,989
-3.5,6.18438498765087,0.842386175724657,0.847783312623213,989
34,61.8461006544754,1.39608359599784,1.3954453755018,990
27.5,55.3461006544754,1.22517900179197,1.22151726154755,990
13.75,33.4215817638263,0.92641368813849,0.932218524673006,991
13.5,33.1715817638263,0.932852884209198,0.929641093421474,991
19.25,38.9215817638263,1.0189755615105,1.00974195827778,991
18.25,37.9215817638263,0.986430545728244,0.990484342803074,991
15.75,35.4215817638263,0.969032723716793,0.955123581095401,991
11.5,32.3630337210729,0.901297665374107,0.9099145744386,992
14.5,35.3630337210729,0.93177182569144,0.939572006159671,992
18.5,39.3630337210729,0.975666487421399,0.994398226586006,992
11.5,32.3630337210729,0.901297665374107,0.9099145744386,992
37.5,43.5767502079846,1.44998030666093,1.4399895497667,993
41.5,47.5767502079846,1.52555472761896,1.53651957934426,993
34.75,17.7167945948998,1.34427917069901,1.34094893150504,994
34.75,17.7167945948998,1.34427917069901,1.34094893150504,994
25.5,70.4853532880854,1.25032132609305,1.24908735838194,995
26,70.9853532880854,1.24673975403577,1.26849413842955,995
34,0.028982634460057,1.23754212175809,1.22198925642188,996
39,5.02898263446006,1.29352575834,1.29864107598429,996
24.75,41.1610246491508,1.23998846239955,1.2297947759192,997
25.5,41.9110246491508,1.25804467755264,1.26013354635954,997
25.5,41.9110246491508,1.25804467755264,1.26013354635954,997
40.5,45.057678907973,1.69501217700663,1.70013891194732,998
41.5,46.057678907973,1.72016544207949,1.73241713496932,998
18.75,23.8315917495009,1.00710717337628,1,999
18.75,23.8315917495009,1.00710717337628,1,999
24.25,29.3315917495009,1.10831124405953,1.12332360626905,999
23,28.0815917495009,1.09101362296305,1.09300926108379,999
17.75,22.8315917495009,0.987020202930487,0.980833550462366,999
31.25,26.6576551754599,1.43672922094196,1.45059576268722,1000
29.75,25.1576551754599,1.40552331630347,1.39497778123013,1000
